source	target	id	type	time	retweet_count	reply_count	like_count	quote_count	platform
abhijitchak	aliceschwarze	1531947624403988480	replied_to	2022-06-01 10:35:50+00:00	0	0	1	0	Twitter Web App
JadeMasterMath	cyberglot	1531943892488183808	replied_to	2022-06-01 10:21:00+00:00	0	0	2	0	Twitter for Android
JadeMasterMath	mathemensch	1531943892488183808	replied_to	2022-06-01 10:21:00+00:00	0	0	2	0	Twitter for Android
JadeMasterMath	aliceschwarze	1531943892488183808	replied_to	2022-06-01 10:21:00+00:00	0	0	2	0	Twitter for Android
cyberglot	mathemensch	1531943493379182592	replied_to	2022-06-01 10:19:25+00:00	0	1	2	0	Twitter for iPhone
cyberglot	JadeMasterMath	1531943493379182592	replied_to	2022-06-01 10:19:25+00:00	0	1	2	0	Twitter for iPhone
cyberglot	aliceschwarze	1531943493379182592	replied_to	2022-06-01 10:19:25+00:00	0	1	2	0	Twitter for iPhone
mathemensch	cyberglot	1531943228211089409	replied_to	2022-06-01 10:18:22+00:00	0	1	3	0	Twitter Web App
mathemensch	JadeMasterMath	1531943228211089409	replied_to	2022-06-01 10:18:22+00:00	0	1	3	0	Twitter Web App
mathemensch	aliceschwarze	1531943228211089409	replied_to	2022-06-01 10:18:22+00:00	0	1	3	0	Twitter Web App
richardclegg	mathemensch	1531942698965422081	replied_to	2022-06-01 10:16:16+00:00	0	1	3	0	Twitter for iPhone
richardclegg	JadeMasterMath	1531942698965422081	replied_to	2022-06-01 10:16:16+00:00	0	1	3	0	Twitter for iPhone
richardclegg	aliceschwarze	1531942698965422081	replied_to	2022-06-01 10:16:16+00:00	0	1	3	0	Twitter for iPhone
jgalgarra	cyberglot	1531941914106265600	replied_to	2022-06-01 10:13:09+00:00	0	0	2	0	Twitter Web App
jgalgarra	JadeMasterMath	1531941914106265600	replied_to	2022-06-01 10:13:09+00:00	0	0	2	0	Twitter Web App
jgalgarra	aliceschwarze	1531941914106265600	replied_to	2022-06-01 10:13:09+00:00	0	0	2	0	Twitter Web App
CarolinaMttssn	cyberglot	1531941767125381121	replied_to	2022-06-01 10:12:34+00:00	0	1	1	0	Twitter Web App
CarolinaMttssn	JadeMasterMath	1531941767125381121	replied_to	2022-06-01 10:12:34+00:00	0	1	1	0	Twitter Web App
CarolinaMttssn	aliceschwarze	1531941767125381121	replied_to	2022-06-01 10:12:34+00:00	0	1	1	0	Twitter Web App
bolozna	cyberglot	1531941396176949248	replied_to	2022-06-01 10:11:05+00:00	0	2	2	0	Twitter Web App
bolozna	JadeMasterMath	1531941396176949248	replied_to	2022-06-01 10:11:05+00:00	0	2	2	0	Twitter Web App
bolozna	aliceschwarze	1531941396176949248	replied_to	2022-06-01 10:11:05+00:00	0	2	2	0	Twitter Web App
_CaligiuriLisa_	aliceschwarze	1531938243465330688	replied_to	2022-06-01 09:58:33+00:00	0	0	1	0	Twitter Web App
BlairDSullivan	JadeMasterMath	1531937364876087296	replied_to	2022-06-01 09:55:04+00:00	0	1	0	0	Twitter for iPhone
BlairDSullivan	aliceschwarze	1531937364876087296	replied_to	2022-06-01 09:55:04+00:00	0	1	0	0	Twitter for iPhone
CSRDay	JadeMasterMath	1531935664262066177	replied_to	2022-06-01 09:48:19+00:00	0	1	1	0	Twitter for iPhone
CSRDay	aliceschwarze	1531935664262066177	replied_to	2022-06-01 09:48:19+00:00	0	1	1	0	Twitter for iPhone
konrad_lorenz	aliceschwarze	1531923028636012549	replied_to	2022-06-01 08:58:06+00:00	0	1	2	0	Twitter Web App
_leotrs	aliceschwarze	1531910183168909319	replied_to	2022-06-01 08:07:03+00:00	0	0	4	0	Twitter Web App
Exceliton	aliceschwarze	1531898142626553856	replied_to	2022-06-01 07:19:13+00:00	0	0	5	0	Twitter Web App
sand2drn	aliceschwarze	1531897147607633925	replied_to	2022-06-01 07:15:15+00:00	0	1	8	0	Twitter Web App
Schierker_	aliceschwarze	1531888475280220160	replied_to	2022-06-01 06:40:48+00:00	0	0	4	0	Twitter Web App
nanda_trancoso	aliceschwarze	1531861896554504192	replied_to	2022-06-01 04:55:11+00:00	1	0	6	0	Twitter for Android
Impatient_Bacon	aliceschwarze	1531857543063998464	replied_to	2022-06-01 04:37:53+00:00	0	0	3	0	Twitter Web App
Zegh8578	aliceschwarze	1531825978737143808	replied_to	2022-06-01 02:32:27+00:00	0	0	3	0	Twitter Web App
alcnshonen	Impatient_Bacon	1531723047820005377	replied_to	2022-05-31 19:43:27+00:00	0	0	0	0	Twitter for Android
alcnshonen	aliceschwarze	1531723047820005377	replied_to	2022-05-31 19:43:27+00:00	0	0	0	0	Twitter for Android
alcnshonen	WallySierk	1531723047820005377	replied_to	2022-05-31 19:43:27+00:00	0	0	0	0	Twitter for Android
Tanis23267848	aliceschwarze	1531708160657997826	replied_to	2022-05-31 18:44:17+00:00	0	0	0	0	Twitter Web App
GokhaleCS	sand2drn	1531644526837760000	replied_to	2022-05-31 14:31:26+00:00	0	0	1	0	Twitter for Android
GokhaleCS	aliceschwarze	1531644526837760000	replied_to	2022-05-31 14:31:26+00:00	0	0	1	0	Twitter for Android
GokhaleCS	WallySierk	1531644526837760000	replied_to	2022-05-31 14:31:26+00:00	0	0	1	0	Twitter for Android
pepp_torr	aliceschwarze	1531644056677277697	replied_to	2022-05-31 14:29:34+00:00	0	1	0	0	Twitter for Android
pepp_torr	Exceliton	1531644056677277697	replied_to	2022-05-31 14:29:34+00:00	0	1	0	0	Twitter for Android
pepp_torr	WallySierk	1531644056677277697	replied_to	2022-05-31 14:29:34+00:00	0	1	0	0	Twitter for Android
spacenerd19	Impatient_Bacon	1531605324469248001	replied_to	2022-05-31 11:55:39+00:00	0	0	0	0	Twitter for Android
spacenerd19	aliceschwarze	1531605324469248001	replied_to	2022-05-31 11:55:39+00:00	0	0	0	0	Twitter for Android
spacenerd19	WallySierk	1531605324469248001	replied_to	2022-05-31 11:55:39+00:00	0	0	0	0	Twitter for Android
franfriel	GokhaleCS	1531591981234892800	replied_to	2022-05-31 11:02:38+00:00	0	0	1	0	Twitter for Android
franfriel	aliceschwarze	1531591981234892800	replied_to	2022-05-31 11:02:38+00:00	0	0	1	0	Twitter for Android
franfriel	WallySierk	1531591981234892800	replied_to	2022-05-31 11:02:38+00:00	0	0	1	0	Twitter for Android
RenaudJolivet	aliceschwarze	1531586758097371136	replied_to	2022-05-31 10:41:53+00:00	0	2	3	0	Twitter for iPhone
RenaudJolivet	WallySierk	1531586758097371136	replied_to	2022-05-31 10:41:53+00:00	0	2	3	0	Twitter for iPhone
Seanan	aliceschwarze	1531582258318041090	replied_to	2022-05-31 10:24:00+00:00	0	0	1	0	Twitter Web App
Seanan	WallySierk	1531582258318041090	replied_to	2022-05-31 10:24:00+00:00	0	0	1	0	Twitter Web App
julierehmeyer	aliceschwarze	1531574812581183489	replied_to	2022-05-31 09:54:25+00:00	0	0	2	0	Twitter for Android
julierehmeyer	WallySierk	1531574812581183489	replied_to	2022-05-31 09:54:25+00:00	0	0	2	0	Twitter for Android
X1_Atomic	aliceschwarze	1531550240855117826	replied_to	2022-05-31 08:16:46+00:00	0	0	0	0	Twitter for iPhone
X1_Atomic	WallySierk	1531550240855117826	replied_to	2022-05-31 08:16:46+00:00	0	0	0	0	Twitter for iPhone
PiyushGrover101	MartonKarsai	1531515935848374272	replied_to	2022-05-31 06:00:27+00:00	0	0	0	0	Twitter for iPhone
PiyushGrover101	aliceschwarze	1531515935848374272	replied_to	2022-05-31 06:00:27+00:00	0	0	0	0	Twitter for iPhone
PiyushGrover101	gin_bianconi	1531515935848374272	replied_to	2022-05-31 06:00:27+00:00	0	0	0	0	Twitter for iPhone
PiyushGrover101	MalgorzataFic	1531515935848374272	replied_to	2022-05-31 06:00:27+00:00	0	0	0	0	Twitter for iPhone
kleber_a_o	aliceschwarze	1531515307105435650	replied_to	2022-05-31 05:57:58+00:00	0	1	2	0	Twitter for iPhone
kleber_a_o	WallySierk	1531515307105435650	replied_to	2022-05-31 05:57:58+00:00	0	1	2	0	Twitter for iPhone
KameronDHarris	aliceschwarze	1530965411126292481	replied_to	2022-05-29 17:32:52+00:00	0	0	2	0	Twitter for Android
KameronDHarris	chchang6	1530965411126292481	replied_to	2022-05-29 17:32:52+00:00	0	0	2	0	Twitter for Android
KameronDHarris	imathematicians	1530965411126292481	replied_to	2022-05-29 17:32:52+00:00	0	0	2	0	Twitter for Android
BenevOrang	aliceschwarze	1530918393020309504	replied_to	2022-05-29 14:26:02+00:00	0	0	2	0	Twitter for iPhone
neuralreckoning	aliceschwarze	1530917650297241601	replied_to	2022-05-29 14:23:05+00:00	0	0	4	0	Twitter for iPad
neuralreckoning	imathematicians	1530917650297241601	replied_to	2022-05-29 14:23:05+00:00	0	0	4	0	Twitter for iPad
neuralreckoning	julierehmeyer	1530917650297241601	replied_to	2022-05-29 14:23:05+00:00	0	0	4	0	Twitter for iPad
justin_garson	aliceschwarze	1530913960437989377	replied_to	2022-05-29 14:08:25+00:00	0	0	0	0	Twitter for iPhone
justin_garson	KameronDHarris	1530913960437989377	replied_to	2022-05-29 14:08:25+00:00	0	0	0	0	Twitter for iPhone
KatieEllenTu	julierehmeyer	1530906990356140034	replied_to	2022-05-29 13:40:44+00:00	0	0	1	0	Twitter Web App
KatieEllenTu	aliceschwarze	1530906990356140034	replied_to	2022-05-29 13:40:44+00:00	0	0	1	0	Twitter Web App
moitrish_m	aliceschwarze	1530906622540718080	replied_to	2022-05-29 13:39:16+00:00	0	1	1	0	Twitter for iPhone
HirokiSayama	aliceschwarze	1530730264611151872	mentioned	2022-05-29 01:58:29+00:00	1	2	5	0	Twitter for iPhone
HirokiSayama	imathematicians	1530730264611151872	mentioned	2022-05-29 01:58:29+00:00	1	2	5	0	Twitter for iPhone
JanNagler1	KameronDHarris	1530668491598176257	replied_to	2022-05-28 21:53:01+00:00	0	0	0	0	Twitter Web App
JanNagler1	aliceschwarze	1530668491598176257	replied_to	2022-05-28 21:53:01+00:00	0	0	0	0	Twitter Web App
eestradalab	aliceschwarze	1530667661247619072	mentioned	2022-05-28 21:49:43+00:00	0	0	4	0	Twitter for Android
pholme	aliceschwarze	1530642361146961920	replied_to	2022-05-28 20:09:11+00:00	0	2	4	0	Twitter for Android
comengsys	aliceschwarze	1530633116414509056	replied_to	2022-05-28 19:32:27+00:00	0	0	1	0	Twitter Web App
graveolens	aliceschwarze	1530631627503808512	replied_to	2022-05-28 19:26:32+00:00	0	0	2	0	Twitter Web App
graveolens	neuromatch	1530631627503808512	replied_to	2022-05-28 19:26:32+00:00	0	0	2	0	Twitter Web App
Frldr	aliceschwarze	1530619333440851968	replied_to	2022-05-28 18:37:41+00:00	0	0	1	0	Twitter for iPhone
gringoculiao	QuantaMagazine	1530422547648585730	replied_to	2022-05-28 05:35:43+00:00	0	0	0	0	Twitter Web App
gringoculiao	aliceschwarze	1530422547648585730	replied_to	2022-05-28 05:35:43+00:00	0	0	0	0	Twitter Web App
RanthonyEdmonds	aliceschwarze	1530422480602529793	replied_to	2022-05-28 05:35:27+00:00	0	0	0	0	Twitter Web App
RanthonyEdmonds	ictstifr	1530422480602529793	replied_to	2022-05-28 05:35:27+00:00	0	0	0	0	Twitter Web App
gulsahakcakir	fariba_k	1530422420284362753	replied_to	2022-05-28 05:35:13+00:00	0	0	0	0	Twitter Web App
gulsahakcakir	aliceschwarze	1530422420284362753	replied_to	2022-05-28 05:35:13+00:00	0	0	0	0	Twitter Web App
gulsahakcakir	arcos_oliveira	1530422420284362753	replied_to	2022-05-28 05:35:13+00:00	0	0	0	0	Twitter Web App
gulsahakcakir	MathieuGenois	1530422420284362753	replied_to	2022-05-28 05:35:13+00:00	0	0	0	0	Twitter Web App
gulsahakcakir	mstrohm	1530422420284362753	replied_to	2022-05-28 05:35:13+00:00	0	0	0	0	Twitter Web App
mel2kill	PeterHedstrom1	1530422327263039488	replied_to	2022-05-28 05:34:51+00:00	0	0	0	0	Twitter Web App
mel2kill	aliceschwarze	1530422327263039488	replied_to	2022-05-28 05:34:51+00:00	0	0	0	0	Twitter Web App
WiNS_Society	stevenstrogatz	1530422273123004416	replied_to	2022-05-28 05:34:38+00:00	0	0	0	0	Twitter Web App
WiNS_Society	aliceschwarze	1530422273123004416	replied_to	2022-05-28 05:34:38+00:00	0	0	0	0	Twitter Web App
ikechukwuael	WiNS_Society	1530422165849399296	replied_to	2022-05-28 05:34:12+00:00	0	0	0	0	Twitter Web App
ikechukwuael	aliceschwarze	1530422165849399296	replied_to	2022-05-28 05:34:12+00:00	0	0	0	0	Twitter Web App
joelvzach	monsoon0	1530422063932088320	replied_to	2022-05-28 05:33:48+00:00	0	0	0	0	Twitter Web App
joelvzach	aliceschwarze	1530422063932088320	replied_to	2022-05-28 05:33:48+00:00	0	0	0	0	Twitter Web App
joelvzach	zdeborova	1530422063932088320	replied_to	2022-05-28 05:33:48+00:00	0	0	0	0	Twitter Web App
mathflipped	aliceschwarze	1530215730486161409	replied_to	2022-05-27 15:53:54+00:00	0	0	2	0	Twitter Web App
mathflipped	ictstifr	1530215730486161409	replied_to	2022-05-27 15:53:54+00:00	0	0	2	0	Twitter Web App
IMossavat	aliceschwarze	1530032106902011929	mentioned	2022-05-27 03:44:15+00:00	0	0	5	1	Twitter Web App
oneofyen	JanNagler1	1529830671333605378	replied_to	2022-05-26 14:23:49+00:00	0	0	0	0	Twitter Web App
oneofyen	aliceschwarze	1529830671333605378	replied_to	2022-05-26 14:23:49+00:00	0	0	0	0	Twitter Web App
oneofyen	eestradalab	1529830671333605378	replied_to	2022-05-26 14:23:49+00:00	0	0	0	0	Twitter Web App
1onghorn	eestradalab	1529830034156011523	replied_to	2022-05-26 14:21:17+00:00	0	0	0	0	Twitter Web App
1onghorn	JanNagler1	1529830034156011523	replied_to	2022-05-26 14:21:17+00:00	0	0	0	0	Twitter Web App
1onghorn	aliceschwarze	1529830034156011523	replied_to	2022-05-26 14:21:17+00:00	0	0	0	0	Twitter Web App
LHDnets	eestradalab	1529829852882288641	replied_to	2022-05-26 14:20:34+00:00	0	0	0	0	Twitter Web App
LHDnets	JanNagler1	1529829852882288641	replied_to	2022-05-26 14:20:34+00:00	0	0	0	0	Twitter Web App
LHDnets	aliceschwarze	1529829852882288641	replied_to	2022-05-26 14:20:34+00:00	0	0	0	0	Twitter Web App
Nietzchrodinger	HirokiSayama	1529822786864107520	replied_to	2022-05-26 13:52:29+00:00	0	1	1	0	Twitter Web App
Nietzchrodinger	aliceschwarze	1529822786864107520	replied_to	2022-05-26 13:52:29+00:00	0	1	1	0	Twitter Web App
Nietzchrodinger	eestradalab	1529822786864107520	replied_to	2022-05-26 13:52:29+00:00	0	1	1	0	Twitter Web App
jrncarlock	HirokiSayama	1529808376938512385	replied_to	2022-05-26 12:55:14+00:00	0	1	1	0	Twitter Web App
jrncarlock	JanNagler1	1529808376938512385	replied_to	2022-05-26 12:55:14+00:00	0	1	1	0	Twitter Web App
jrncarlock	aliceschwarze	1529808376938512385	replied_to	2022-05-26 12:55:14+00:00	0	1	1	0	Twitter Web App
BLACKSTEMUSA	HirokiSayama	1529804926968373251	replied_to	2022-05-26 12:41:31+00:00	0	1	0	0	Twitter Web App
BLACKSTEMUSA	JanNagler1	1529804926968373251	replied_to	2022-05-26 12:41:31+00:00	0	1	0	0	Twitter Web App
BLACKSTEMUSA	aliceschwarze	1529804926968373251	replied_to	2022-05-26 12:41:31+00:00	0	1	0	0	Twitter Web App
BLACKSTEMUSA	aliceschwarze	1525269337157910528	replied_to	2022-05-14 00:18:42+00:00	0	0	1	0	Twitter for Android
NeuroOscillator	grassmannian	1525197514319831041	replied_to	2022-05-13 19:33:18+00:00	0	0	3	0	Twitter Web App
NeuroOscillator	aliceschwarze	1525197514319831041	replied_to	2022-05-13 19:33:18+00:00	0	0	3	0	Twitter Web App
lepurplemartin	aliceschwarze	1524764908784562179	replied_to	2022-05-12 14:54:17+00:00	0	0	1	0	Twitter for iPhone
Supernetworks	aliceschwarze	1524714396055920640	replied_to	2022-05-12 11:33:34+00:00	0	0	1	0	Twitter Web App
burcutepekule	aliceschwarze	1524517899708293120	replied_to	2022-05-11 22:32:46+00:00	0	0	3	0	Twitter Web App
JadeMasterMath	aliceschwarze	1524511966005534723	replied_to	2022-05-11 22:09:11+00:00	0	1	1	0	Twitter for Android
Eduardo38653176	aliceschwarze	1524494427443576833	replied_to	2022-05-11 20:59:29+00:00	0	0	0	0	Twitter Web App
Eduardo38653176	mrchrisquarles	1524494427443576833	replied_to	2022-05-11 20:59:29+00:00	0	0	0	0	Twitter Web App
Eduardo38653176	lia_bozarth	1524494427443576833	replied_to	2022-05-11 20:59:29+00:00	0	0	0	0	Twitter Web App
branmorrighan	aliceschwarze	1524487917460201473	replied_to	2022-05-11 20:33:37+00:00	0	1	1	0	Twitter for Android
fachreddin	KameronDHarris	1524366905804570629	replied_to	2022-05-11 12:32:46+00:00	0	0	1	0	Twitter for Android
fachreddin	aliceschwarze	1524366905804570629	replied_to	2022-05-11 12:32:46+00:00	0	0	1	0	Twitter for Android
hanianow	aliceschwarze	1524349808223600640	replied_to	2022-05-11 11:24:49+00:00	0	0	0	0	Twitter for Android
bmarcj	aliceschwarze	1524297850800254976	replied_to	2022-05-11 07:58:22+00:00	0	0	0	0	Twitter for Android
brosaplanella	aliceschwarze	1524289490948444160	replied_to	2022-05-11 07:25:09+00:00	0	0	0	0	Twitter for Android
brosaplanella	pybamm_	1524289490948444160	replied_to	2022-05-11 07:25:09+00:00	0	0	0	0	Twitter for Android
KameronDHarris	aliceschwarze	1524209658067447808	replied_to	2022-05-11 02:07:55+00:00	0	1	0	0	Twitter Web App
nwlandry	aliceschwarze	1524208672624107520	replied_to	2022-05-11 02:04:00+00:00	0	0	0	0	Twitter Web App
sjnwoh	aliceschwarze	1524208332382212096	replied_to	2022-05-11 02:02:39+00:00	0	1	0	0	Twitter Web App
Luna_euphoric	aliceschwarze	1524036961555468289	replied_to	2022-05-10 14:41:41+00:00	0	0	0	0	Twitter Web App
Luna_euphoric	Juanga_Restrepo	1524036961555468289	replied_to	2022-05-10 14:41:41+00:00	0	0	0	0	Twitter Web App
BaytAlFann	aliceschwarze	1523847066388156416	replied_to	2022-05-10 02:07:06+00:00	0	0	1	0	Twitter for Android
BaytAlFann	fachreddin	1523847066388156416	replied_to	2022-05-10 02:07:06+00:00	0	0	1	0	Twitter for Android
BaytAlFann	raccoonhourly	1523847066388156416	replied_to	2022-05-10 02:07:06+00:00	0	0	1	0	Twitter for Android
LudkeThomas	aliceschwarze	1523712246433878016	replied_to	2022-05-09 17:11:23+00:00	0	0	1	0	Twitter Web App
DaveAshelman	aliceschwarze	1523339317803831296	replied_to	2022-05-08 16:29:30+00:00	0	0	1	0	Twitter for iPhone
DaveAshelman	aliceschwarze	1523339317803831296	replied_to	2022-05-08 16:29:30+00:00	0	0	1	0	Twitter for iPhone
mrchrisquarles	denistrubetskoy	1523244546968387584	replied_to	2022-05-08 10:12:55+00:00	0	0	1	0	Twitter for iPad
mrchrisquarles	aliceschwarze	1523244546968387584	replied_to	2022-05-08 10:12:55+00:00	0	0	1	0	Twitter for iPad
TheAnswerYes	aliceschwarze	1523123062044237826	replied_to	2022-05-08 02:10:10+00:00	0	0	2	0	Twitter for iPhone
TheAnswerYes	zcooper373	1523123062044237826	replied_to	2022-05-08 02:10:10+00:00	0	0	2	0	Twitter for iPhone
TheAnswerYes	OpenAcademics	1523123062044237826	replied_to	2022-05-08 02:10:10+00:00	0	0	2	0	Twitter for iPhone
schichmax	aliceschwarze	1522646095754502145	replied_to	2022-05-06 18:34:53+00:00	0	0	0	0	Twitter Web App
schichmax	lia_bozarth	1522646095754502145	replied_to	2022-05-06 18:34:53+00:00	0	0	0	0	Twitter Web App
Dirivian	aliceschwarze	1522642827271831552	replied_to	2022-05-06 18:21:54+00:00	0	0	0	0	Twitter Web App
Dirivian	lia_bozarth	1522642827271831552	replied_to	2022-05-06 18:21:54+00:00	0	0	0	0	Twitter Web App
1finekitty	aliceschwarze	1522641366651523072	replied_to	2022-05-06 18:16:05+00:00	0	0	0	0	Twitter Web App
1finekitty	lia_bozarth	1522641366651523072	replied_to	2022-05-06 18:16:05+00:00	0	0	0	0	Twitter Web App
tim_hosgood	aliceschwarze	1522640644623114240	replied_to	2022-05-06 18:13:13+00:00	0	1	0	0	Twitter Web App
tim_hosgood	lia_bozarth	1522640644623114240	replied_to	2022-05-06 18:13:13+00:00	0	1	0	0	Twitter Web App
cliff_watkins	aliceschwarze	1522639723533008896	replied_to	2022-05-06 18:09:34+00:00	0	1	0	0	Twitter Web App
cliff_watkins	lia_bozarth	1522639723533008896	replied_to	2022-05-06 18:09:34+00:00	0	1	0	0	Twitter Web App
Espanacc4Lara	aliceschwarze	1522636628736413698	replied_to	2022-05-06 17:57:16+00:00	0	0	0	0	Twitter Web App
Espanacc4Lara	lia_bozarth	1522636628736413698	replied_to	2022-05-06 17:57:16+00:00	0	0	0	0	Twitter Web App
JohnStatz	aliceschwarze	1522634763722387458	replied_to	2022-05-06 17:49:51+00:00	0	1	0	0	Twitter Web App
JohnStatz	lia_bozarth	1522634763722387458	replied_to	2022-05-06 17:49:51+00:00	0	1	0	0	Twitter Web App
Crowbar_Blues	aliceschwarze	1522627334024663042	replied_to	2022-05-06 17:20:20+00:00	0	0	0	0	TheAnswerYes
matthiaslassac1	aliceschwarze	1522330186578120704	replied_to	2022-05-05 21:39:34+00:00	0	0	1	0	Twitter Web App
bjfar	aliceschwarze	1522028962377093121	replied_to	2022-05-05 01:42:37+00:00	0	0	1	0	Twitter Web App
Beobachter77	aliceschwarze	1522027196809940992	replied_to	2022-05-05 01:35:36+00:00	0	0	2	0	Twitter for iPad
Beobachter77	UnitedSpaceCats	1522027196809940992	replied_to	2022-05-05 01:35:36+00:00	0	0	2	0	Twitter for iPad
graveolens	aliceschwarze	1521992255933984770	replied_to	2022-05-04 23:16:45+00:00	0	0	3	0	Twitter Web App
BarakShoshany	aliceschwarze	1521925692308418560	replied_to	2022-05-04 18:52:15+00:00	0	0	1	0	Twitter Web App
MassimoSt	aliceschwarze	1521914091895504898	mentioned	2022-05-04 18:06:09+00:00	0	0	0	0	Twitter Web App
chadtopaz	Crowbar_Blues	1521913550846840833	replied_to	2022-05-04 18:04:00+00:00	0	0	1	0	Twitter for Android
chadtopaz	aliceschwarze	1521913550846840833	replied_to	2022-05-04 18:04:00+00:00	0	0	1	0	Twitter for Android
Don_Fredo_666	aliceschwarze	1521912545535094784	replied_to	2022-05-04 18:00:01+00:00	0	1	1	0	Twitter Web App
Don_Fredo_666	JohnStatz	1521912545535094784	replied_to	2022-05-04 18:00:01+00:00	0	1	1	0	Twitter Web App
mathematicsprof	aliceschwarze	1521901654898925569	replied_to	2022-05-04 17:16:44+00:00	0	0	2	0	Twitter for Android
lauraofrohan	aliceschwarze	1521886800234651652	mentioned	2022-05-04 16:17:43+00:00	0	0	0	0	Twitter for iPhone
Wacko0069	aliceschwarze	1521885623392550913	mentioned	2022-05-04 16:13:02+00:00	0	0	0	0	Twitter for iPhone
moitrish_m	aliceschwarze	1521603300184903681	replied_to	2022-05-03 21:31:11+00:00	0	0	0	0	Twitter for Android
richardclegg	aliceschwarze	1521599147291209728	replied_to	2022-05-03 21:14:41+00:00	0	0	1	0	Twitter Web App
doroshishka	aliceschwarze	1521029052374687746	replied_to	2022-05-02 07:29:20+00:00	0	1	0	0	Twitter Web App
AnaLRodriguezD	aliceschwarze	1521029050608898048	replied_to	2022-05-02 07:29:19+00:00	0	1	0	0	Twitter Web App
maaminian	aliceschwarze	1521029048788525059	replied_to	2022-05-02 07:29:19+00:00	0	1	0	0	Twitter Web App
DanielCooney1	aliceschwarze	1521029046817198081	replied_to	2022-05-02 07:29:18+00:00	0	1	0	0	Twitter Web App
foucaultwelles	aliceschwarze	1520932461336793088	mentioned	2022-05-02 01:05:30+00:00	0	0	1	0	Twitter Web App
WiNS_Society	aliceschwarze	1520908716807266304	replied_to	2022-05-01 23:31:09+00:00	0	0	10	0	Twitter Web App
FranciscaOrtizR	aliceschwarze	1520841146381053952	replied_to	2022-05-01 19:02:39+00:00	0	0	1	0	Twitter for Android
ecozzo	aliceschwarze	1520177892071780359	replied_to	2022-04-29 23:07:07+00:00	0	1	2	0	Twitter for iPhone
joshuagrochow	aliceschwarze	1520171175577595904	mentioned	2022-04-29 22:40:26+00:00	0	0	0	0	Twitter for iPhone
gvegayon	aliceschwarze	1520145264199176194	replied_to	2022-04-29 20:57:28+00:00	0	0	1	0	Twitter for iPhone
EndruVitak	aliceschwarze	1520140614460915712	replied_to	2022-04-29 20:38:59+00:00	0	0	1	0	Twitter Web App
kedwardbear	aliceschwarze	1520139040204406784	replied_to	2022-04-29 20:32:44+00:00	0	0	2	0	Twitter for iPhone
johnisbestever	aliceschwarze	1520137984225554435	replied_to	2022-04-29 20:28:32+00:00	0	1	3	0	Twitter Web App
KatieEllenTu	sumlenny	1520073171302502400	replied_to	2022-04-29 16:11:00+00:00	0	0	0	0	Twitter for Android
KatieEllenTu	bctallis	1520073171302502400	replied_to	2022-04-29 16:11:00+00:00	0	0	0	0	Twitter for Android
KatieEllenTu	aliceschwarze	1520073171302502400	replied_to	2022-04-29 16:11:00+00:00	0	0	0	0	Twitter for Android
SC_Griffith	aliceschwarze	1519879503119589376	replied_to	2022-04-29 03:21:26+00:00	0	0	1	0	Twitter Web App
matthras	aliceschwarze	1519646346147508226	replied_to	2022-04-28 11:54:57+00:00	0	0	1	0	Twitter for Android
GokhaleCS	aliceschwarze	1519510425284624387	replied_to	2022-04-28 02:54:51+00:00	0	0	1	0	Twitter for iPhone
RagoVago	WiNS_Society	1519442404675407872	quoted	2022-04-27 22:24:33+00:00	1	0	13	1	Twitter Web App
RagoVago	aliceschwarze	1519442404675407872	quoted	2022-04-27 22:24:33+00:00	1	0	13	1	Twitter Web App
RagoVago	foucaultwelles	1519442404675407872	quoted	2022-04-27 22:24:33+00:00	1	0	13	1	Twitter Web App
thegalaxys_edge	DanielCooney1	1519371135887888384	replied_to	2022-04-27 17:41:22+00:00	0	0	4	0	Twitter for Android
thegalaxys_edge	aliceschwarze	1519371135887888384	replied_to	2022-04-27 17:41:22+00:00	0	0	4	0	Twitter for Android
PhilChodrow	aliceschwarze	1519367471706173440	quoted	2022-04-27 17:26:48+00:00	0	1	3	0	Twitter Web App
BBayrische	AnaLRodriguezD	1519323786151084032	replied_to	2022-04-27 14:33:12+00:00	0	0	7	1	Twitter for iPhone
BBayrische	WiNS_Society	1519323786151084032	replied_to	2022-04-27 14:33:12+00:00	0	0	7	1	Twitter for iPhone
BBayrische	aliceschwarze	1519323786151084032	replied_to	2022-04-27 14:33:12+00:00	0	0	7	1	Twitter for iPhone
BBayrische	WiNS_Society	1519323786151084032	replied_to	2022-04-27 14:33:12+00:00	0	0	7	1	Twitter for iPhone
Rina30857169	AnaLRodriguezD	1519302535068020746	replied_to	2022-04-27 13:08:46+00:00	0	0	1	0	Twitter Web App
Rina30857169	aliceschwarze	1519302535068020746	replied_to	2022-04-27 13:08:46+00:00	0	0	1	0	Twitter Web App
Rina30857169	foucaultwelles	1519302535068020746	replied_to	2022-04-27 13:08:46+00:00	0	0	1	0	Twitter Web App
TravisEGibson	aliceschwarze	1519293880868478976	replied_to	2022-04-27 12:34:22+00:00	0	0	2	0	Twitter Web App
chris_bore	WiNS_Society	1519283088450375680	replied_to	2022-04-27 11:51:29+00:00	1	3	33	0	Twitter Web App
chris_bore	aliceschwarze	1519283088450375680	replied_to	2022-04-27 11:51:29+00:00	1	3	33	0	Twitter Web App
chris_bore	foucaultwelles	1519283088450375680	replied_to	2022-04-27 11:51:29+00:00	1	3	33	0	Twitter Web App
vanessainstem	aliceschwarze	1519085327348084737	replied_to	2022-04-26 22:45:39+00:00	0	0	0	0	Twitter for iPhone
jmhessel	aliceschwarze	1519084201558953984	replied_to	2022-04-26 22:41:11+00:00	0	1	0	0	Twitter for Android
jmhessel	aliceschwarze	1512111086626955279	replied_to	2022-04-07 16:52:31+00:00	0	1	1	0	Twitter Web App
MathieuGenois	alainbarrat	1512108982365736962	replied_to	2022-04-07 16:44:09+00:00	0	0	1	0	Twitter for Android
MathieuGenois	ciro	1512108982365736962	replied_to	2022-04-07 16:44:09+00:00	0	0	1	0	Twitter for Android
MathieuGenois	suneman	1512108982365736962	replied_to	2022-04-07 16:44:09+00:00	0	0	1	0	Twitter for Android
MathieuGenois	aliceschwarze	1512108982365736962	replied_to	2022-04-07 16:44:09+00:00	0	0	1	0	Twitter for Android
MathieuGenois	kareem_carr	1512108982365736962	replied_to	2022-04-07 16:44:09+00:00	0	0	1	0	Twitter for Android
atomic_ionman	aliceschwarze	1512089957203992594	replied_to	2022-04-07 15:28:33+00:00	0	0	0	0	Twitter Web App
atomic_ionman	jmhessel	1512089957203992594	replied_to	2022-04-07 15:28:33+00:00	0	0	0	0	Twitter Web App
alainbarrat	ciro	1512089154468794370	replied_to	2022-04-07 15:25:22+00:00	0	2	5	0	Twitter Web App
alainbarrat	suneman	1512089154468794370	replied_to	2022-04-07 15:25:22+00:00	0	2	5	0	Twitter Web App
alainbarrat	aliceschwarze	1512089154468794370	replied_to	2022-04-07 15:25:22+00:00	0	2	5	0	Twitter Web App
alainbarrat	kareem_carr	1512089154468794370	replied_to	2022-04-07 15:25:22+00:00	0	2	5	0	Twitter Web App
citizenroy21	aliceschwarze	1512073092008275972	replied_to	2022-04-07 14:21:32+00:00	0	0	0	0	Twitter Web App
citizenroy21	jmhessel	1512073092008275972	replied_to	2022-04-07 14:21:32+00:00	0	0	0	0	Twitter Web App
ciro	suneman	1512066462067793925	replied_to	2022-04-07 13:55:12+00:00	0	1	4	0	Twitter for iPhone
ciro	aliceschwarze	1512066462067793925	replied_to	2022-04-07 13:55:12+00:00	0	1	4	0	Twitter for iPhone
ciro	kareem_carr	1512066462067793925	replied_to	2022-04-07 13:55:12+00:00	0	1	4	0	Twitter for iPhone
suneman	aliceschwarze	1512060004286619655	replied_to	2022-04-07 13:29:32+00:00	0	1	6	0	Twitter Web App
suneman	kareem_carr	1512060004286619655	replied_to	2022-04-07 13:29:32+00:00	0	1	6	0	Twitter Web App
daquin_jerome	aliceschwarze	1512053348979154951	replied_to	2022-04-07 13:03:05+00:00	0	0	0	0	Twitter for Android
gammagirllab	aliceschwarze	1511869415062908928	replied_to	2022-04-07 00:52:12+00:00	0	0	0	0	Twitter Web App
JointMath	aliceschwarze	1511826392387833865	replied_to	2022-04-06 22:01:14+00:00	0	1	0	0	Twitter for iPhone
JointMath	amermathsoc	1511826392387833865	replied_to	2022-04-06 22:01:14+00:00	0	1	0	0	Twitter for iPhone
nwlandry	aliceschwarze	1511800503457394689	replied_to	2022-04-06 20:18:22+00:00	0	0	1	0	Twitter Web App
nwlandry	amermathsoc	1511800503457394689	replied_to	2022-04-06 20:18:22+00:00	0	0	1	0	Twitter Web App
nwlandry	JointMath	1511800503457394689	replied_to	2022-04-06 20:18:22+00:00	0	0	1	0	Twitter Web App
FranciscaOrtizR	aliceschwarze	1511799508836835329	replied_to	2022-04-06 20:14:25+00:00	0	1	1	0	Twitter Web App
FranciscaOrtizR	amermathsoc	1511799508836835329	replied_to	2022-04-06 20:14:25+00:00	0	1	1	0	Twitter Web App
FranciscaOrtizR	JointMath	1511799508836835329	replied_to	2022-04-06 20:14:25+00:00	0	1	1	0	Twitter Web App
Nietzchrodinger	aliceschwarze	1511652657324253185	replied_to	2022-04-06 10:30:53+00:00	0	0	2	0	Twitter Web App
Nietzchrodinger	WiNS_Society	1511652657324253185	replied_to	2022-04-06 10:30:53+00:00	0	0	2	0	Twitter Web App
Nietzchrodinger	WiNS_Society	1511652657324253185	replied_to	2022-04-06 10:30:53+00:00	0	0	2	0	Twitter Web App
jennawneal	aliceschwarze	1511325546986225665	replied_to	2022-04-05 12:51:04+00:00	0	0	6	0	Twitter for Android
jennawneal	masonporter	1511325546986225665	replied_to	2022-04-05 12:51:04+00:00	0	0	6	0	Twitter for Android
KathrynECramer	WiNS_Society	1511042652875198470	mentioned	2022-04-04 18:06:56+00:00	4	0	17	0	Twitter Web App
KathrynECramer	FranciscaOrtizR	1511042652875198470	mentioned	2022-04-04 18:06:56+00:00	4	0	17	0	Twitter Web App
KathrynECramer	aliceschwarze	1511042652875198470	mentioned	2022-04-04 18:06:56+00:00	4	0	17	0	Twitter Web App
4ndr3aR	aliceschwarze	1510735824740044803	replied_to	2022-04-03 21:47:43+00:00	0	0	0	0	Twitter Web App
lepurplemartin	aliceschwarze	1510021846820925448	replied_to	2022-04-01 22:30:37+00:00	0	0	0	0	Twitter for Android
richardclegg	aliceschwarze	1509783003626622986	replied_to	2022-04-01 06:41:33+00:00	0	0	1	0	Twitter for iPhone
richardclegg	AspenPhysics	1509783003626622986	replied_to	2022-04-01 06:41:33+00:00	0	0	1	0	Twitter for iPhone
fissionary241	aliceschwarze	1509634018232389635	replied_to	2022-03-31 20:49:32+00:00	0	0	2	0	Twitter for Android
ryanjgallag	aliceschwarze	1509611878695251969	replied_to	2022-03-31 19:21:33+00:00	0	0	0	0	Twitter for iPhone
gdeandajauregui	gdeandajauregui	1509576425187074058	replied_to	2022-03-31 17:00:40+00:00	0	0	2	0	Twitter Web App
gdeandajauregui	aliceschwarze	1509576425187074058	replied_to	2022-03-31 17:00:40+00:00	0	0	2	0	Twitter Web App
BEBischof	aliceschwarze	1509562796635144194	mentioned	2022-03-31 16:06:31+00:00	3	2	34	0	Twitter for iPhone
DynamicsSIAM	ryanjgallag	1509560786074619906	replied_to	2022-03-31 15:58:32+00:00	0	1	1	0	Twitter for Android
DynamicsSIAM	aliceschwarze	1509560786074619906	replied_to	2022-03-31 15:58:32+00:00	0	1	1	0	Twitter for Android
Basak__k	ryanjgallag	1509554774659674115	replied_to	2022-03-31 15:34:39+00:00	0	0	1	0	Twitter for iPhone
Basak__k	aliceschwarze	1509554774659674115	replied_to	2022-03-31 15:34:39+00:00	0	0	1	0	Twitter for iPhone
doroshishka	aliceschwarze	1508975541449211905	replied_to	2022-03-30 01:12:59+00:00	0	0	4	0	Twitter Web App
Ozera1	aliceschwarze	1508966994326044672	replied_to	2022-03-30 00:39:01+00:00	0	0	2	0	Twitter for iPhone
svscarpino	aliceschwarze	1508814487050244097	quoted	2022-03-29 14:33:00+00:00	4	0	9	0	Twitter for iPhone
svscarpino	NUnetsi	1508814487050244097	quoted	2022-03-29 14:33:00+00:00	4	0	9	0	Twitter for iPhone
svscarpino	Northeastern	1508814487050244097	quoted	2022-03-29 14:33:00+00:00	4	0	9	0	Twitter for iPhone
svscarpino	NU_CAMD	1508814487050244097	quoted	2022-03-29 14:33:00+00:00	4	0	9	0	Twitter for iPhone
oneofyen	aliceschwarze	1508610190656036866	replied_to	2022-03-29 01:01:12+00:00	0	0	0	0	Twitter Web App
oneofyen	oneofyen	1508610190656036866	replied_to	2022-03-29 01:01:12+00:00	0	0	0	0	Twitter Web App
oneofyen	AspenPhysics	1508610190656036866	replied_to	2022-03-29 01:01:12+00:00	0	0	0	0	Twitter Web App
mkflint	aliceschwarze	1508600780449845255	replied_to	2022-03-29 00:23:49+00:00	0	0	2	0	Twitter for iPhone
mkflint	oneofyen	1508600780449845255	replied_to	2022-03-29 00:23:49+00:00	0	0	2	0	Twitter for iPhone
mkflint	AspenPhysics	1508600780449845255	replied_to	2022-03-29 00:23:49+00:00	0	0	2	0	Twitter for iPhone
w_khudabukhsh	aliceschwarze	1508598166387527682	replied_to	2022-03-29 00:13:25+00:00	0	0	3	0	Twitter Web App
w_khudabukhsh	joshuagrochow	1508598166387527682	replied_to	2022-03-29 00:13:25+00:00	0	0	3	0	Twitter Web App
w_khudabukhsh	DanLarremore	1508598166387527682	replied_to	2022-03-29 00:13:25+00:00	0	0	3	0	Twitter Web App
larysar	aliceschwarze	1508510083998797836	replied_to	2022-03-28 18:23:25+00:00	0	0	1	0	Tweetbot for iÎŸS
VinkoZlatic	aliceschwarze	1508464882890461193	quoted	2022-03-28 15:23:48+00:00	0	0	2	0	Twitter for Android
yuhongecholiu	aliceschwarze	1508384730424643591	replied_to	2022-03-28 10:05:18+00:00	0	0	3	0	Twitter for Android
yuhongecholiu	KorinnaAllhoff	1508384730424643591	replied_to	2022-03-28 10:05:18+00:00	0	0	3	0	Twitter for Android
yuhongecholiu	WiNS_Society	1508384730424643591	replied_to	2022-03-28 10:05:18+00:00	0	0	3	0	Twitter for Android
yuhongecholiu	123iamela	1508384730424643591	replied_to	2022-03-28 10:05:18+00:00	0	0	3	0	Twitter for Android
_leotrs	aliceschwarze	1508376989627043847	replied_to	2022-03-28 09:34:33+00:00	0	0	1	0	Twitter Web App
itsgorain	aliceschwarze	1508133151012528131	replied_to	2022-03-27 17:25:37+00:00	0	0	1	0	Twitter for iPhone
itsgorain	_leotrs	1508133151012528131	replied_to	2022-03-27 17:25:37+00:00	0	0	1	0	Twitter for iPhone
zpneal	aliceschwarze	1508129221805318147	replied_to	2022-03-27 17:10:00+00:00	0	1	4	0	Twitter Web App
Dirivian	aliceschwarze	1508127325530910720	replied_to	2022-03-27 17:02:28+00:00	0	0	1	0	Twitter for iPhone
frankma75545671	zpneal	1508097147589255176	replied_to	2022-03-27 15:02:33+00:00	0	0	5	0	Twitter Web App
frankma75545671	aliceschwarze	1508097147589255176	replied_to	2022-03-27 15:02:33+00:00	0	0	5	0	Twitter Web App
StatsMarz	aliceschwarze	1508094355625717763	replied_to	2022-03-27 14:51:28+00:00	0	1	4	0	Twitter for iPhone
BreadConquerer	aliceschwarze	1507858188854611972	replied_to	2022-03-26 23:13:01+00:00	0	1	1	0	Twitter Web App
out2sea90210	aliceschwarze	1507674822062456832	replied_to	2022-03-26 11:04:23+00:00	0	0	0	0	Twitter for iPad
M_Grim1	aliceschwarze	1507507587377414145	replied_to	2022-03-25 23:59:51+00:00	0	0	0	0	Twitter Web App
JerzSuccubus	M_Grim1	1507413686658682880	replied_to	2022-03-25 17:46:43+00:00	28	5	563	2	Twitter for iPhone
JerzSuccubus	JerzSuccubus	1507413686658682880	replied_to	2022-03-25 17:46:43+00:00	28	5	563	2	Twitter for iPhone
JerzSuccubus	aliceschwarze	1507413686658682880	replied_to	2022-03-25 17:46:43+00:00	28	5	563	2	Twitter for iPhone
JerzSuccubus	JohnDiesattheEn	1507413686658682880	replied_to	2022-03-25 17:46:43+00:00	28	5	563	2	Twitter for iPhone
pcavallo60	JerzSuccubus	1507412222422646784	replied_to	2022-03-25 17:40:54+00:00	0	0	0	0	Twitter Web App
pcavallo60	aliceschwarze	1507412222422646784	replied_to	2022-03-25 17:40:54+00:00	0	0	0	0	Twitter Web App
pcavallo60	JohnDiesattheEn	1507412222422646784	replied_to	2022-03-25 17:40:54+00:00	0	0	0	0	Twitter Web App
JadeMasterMath	JerzSuccubus	1507411336967467010	replied_to	2022-03-25 17:37:23+00:00	11	6	370	0	Twitter for Android
JadeMasterMath	aliceschwarze	1507411336967467010	replied_to	2022-03-25 17:37:23+00:00	11	6	370	0	Twitter for Android
JadeMasterMath	JohnDiesattheEn	1507411336967467010	replied_to	2022-03-25 17:37:23+00:00	11	6	370	0	Twitter for Android
JoshuaABull	aliceschwarze	1507403961841692674	replied_to	2022-03-25 17:08:05+00:00	908	85	9057	65	Twitter for Android
JoshuaABull	JohnDiesattheEn	1507403961841692674	replied_to	2022-03-25 17:08:05+00:00	908	85	9057	65	Twitter for Android
Sneha__Ka	aliceschwarze	1507387745861345290	replied_to	2022-03-25 16:03:39+00:00	0	0	0	0	Twitter Web App
LouisShekhtman	aliceschwarze	1507384393656057862	replied_to	2022-03-25 15:50:19+00:00	0	0	1	0	Twitter Web App
RagoVago	aliceschwarze	1507383608046198809	replied_to	2022-03-25 15:47:12+00:00	0	1	0	0	Twitter for Android
MaxFalken	aliceschwarze	1507306986911768577	replied_to	2022-03-25 10:42:44+00:00	0	0	1	0	Twitter for Android
MaxFalken	xkcd	1507306986911768577	replied_to	2022-03-25 10:42:44+00:00	0	0	1	0	Twitter for Android
AviSchiffmann	aliceschwarze	1507284173525962752	replied_to	2022-03-25 09:12:05+00:00	0	0	1	0	Twitter for iPhone
KorinnaAllhoff	aliceschwarze	1507153221105897473	replied_to	2022-03-25 00:31:44+00:00	0	0	1	0	Twitter Web App
theosysbio	aliceschwarze	1507152251848175622	replied_to	2022-03-25 00:27:53+00:00	0	0	1	0	Twitter Web App
justlarryzhang	aliceschwarze	1506606514395664388	replied_to	2022-03-23 12:19:19+00:00	0	0	1	0	Twitter Web App
clara_stegehuis	aliceschwarze	1506489212110921738	replied_to	2022-03-23 04:33:12+00:00	0	0	1	0	Twitter for iPhone
KE_Stanchak	aliceschwarze	1506440633535266816	replied_to	2022-03-23 01:20:10+00:00	0	0	0	0	Twitter for iPhone
maximelca	aliceschwarze	1506411001830289415	replied_to	2022-03-22 23:22:25+00:00	0	0	1	0	Twitter Web App
160B	aliceschwarze	1506409375908474882	replied_to	2022-03-22 23:15:57+00:00	0	0	1	0	Twitter Web App
AnOddParadigm	aliceschwarze	1506129630528516098	replied_to	2022-03-22 04:44:21+00:00	0	0	0	0	Twitter Web App
the_outskirts	aliceschwarze	1506058560383422468	replied_to	2022-03-22 00:01:56+00:00	0	0	1	0	Twitter for Android
PhilChodrow	aliceschwarze	1506045877940637709	replied_to	2022-03-21 23:11:32+00:00	0	0	1	0	Twitter for Android
AmericanUmlaut	aliceschwarze	1506010853732085764	replied_to	2022-03-21 20:52:22+00:00	0	0	1	0	Twitter Web App
AmericanUmlaut	DrBrianKeating	1506010853732085764	replied_to	2022-03-21 20:52:22+00:00	0	0	1	0	Twitter Web App
pmackey80	aliceschwarze	1506009754958659587	replied_to	2022-03-21 20:48:00+00:00	0	1	1	0	Twitter Web App
pmackey80	DrBrianKeating	1506009754958659587	replied_to	2022-03-21 20:48:00+00:00	0	1	1	0	Twitter Web App
dreaminmarin	aliceschwarze	1505914446425821186	quoted	2022-03-21 14:29:17+00:00	0	0	0	0	Twitter Web App
RagoVago	aliceschwarze	1503461498852900864	replied_to	2022-03-14 20:02:08+00:00	0	1	3	0	Twitter Web App
clara_stegehuis	aliceschwarze	1503086331454447620	replied_to	2022-03-13 19:11:22+00:00	0	0	2	0	Twitter Web App
thilogross	aliceschwarze	1502350676655054848	replied_to	2022-03-11 18:28:08+00:00	0	1	2	0	Twitter Web App
DanielCooney1	aliceschwarze	1502350204212850695	replied_to	2022-03-11 18:26:15+00:00	0	0	1	0	Twitter Web App
chadtopaz	aliceschwarze	1502343604798328832	replied_to	2022-03-11 18:00:02+00:00	0	0	1	0	Twitter Web App
KameronDHarris	aliceschwarze	1502341740514189324	replied_to	2022-03-11 17:52:37+00:00	0	0	1	0	Twitter Web App
KameronDHarris	ryanjgallag	1502341740514189324	replied_to	2022-03-11 17:52:37+00:00	0	0	1	0	Twitter Web App
nwlandry	aliceschwarze	1502323717459701764	replied_to	2022-03-11 16:41:00+00:00	0	0	1	0	Twitter Web App
ReggieDrax	aliceschwarze	1502312527090241536	replied_to	2022-03-11 15:56:32+00:00	0	0	6	0	Twitter Web App
TravisEGibson	slothgirlmel	1502071662405169154	replied_to	2022-03-10 23:59:26+00:00	0	0	0	0	Twitter for Android
TravisEGibson	aliceschwarze	1502071662405169154	replied_to	2022-03-10 23:59:26+00:00	0	0	0	0	Twitter for Android
BrimacombeChris	BrimacombeChris	1501932014332571653	replied_to	2022-03-10 14:44:31+00:00	0	0	2	0	Twitter Web App
BrimacombeChris	mdcatchen	1501932014332571653	replied_to	2022-03-10 14:44:31+00:00	0	0	2	0	Twitter Web App
BrimacombeChris	aliceschwarze	1501932014332571653	replied_to	2022-03-10 14:44:31+00:00	0	0	2	0	Twitter Web App
BrimacombeChris	FlavioAffinito	1501932014332571653	replied_to	2022-03-10 14:44:31+00:00	0	0	2	0	Twitter Web App
MaxFalken	TravisEGibson	1501929422559100931	replied_to	2022-03-10 14:34:13+00:00	0	1	1	0	Twitter Web App
MaxFalken	mdcatchen	1501929422559100931	replied_to	2022-03-10 14:34:13+00:00	0	1	1	0	Twitter Web App
MaxFalken	aliceschwarze	1501929422559100931	replied_to	2022-03-10 14:34:13+00:00	0	1	1	0	Twitter Web App
MaxFalken	FlavioAffinito	1501929422559100931	replied_to	2022-03-10 14:34:13+00:00	0	1	1	0	Twitter Web App
SaminAref	SaminAref	1501919051555217413	replied_to	2022-03-10 13:53:00+00:00	0	0	1	0	Twitter for Android
SaminAref	aliceschwarze	1501919051555217413	replied_to	2022-03-10 13:53:00+00:00	0	0	1	0	Twitter for Android
Nietzchrodinger	MaxFalken	1501917887891746817	replied_to	2022-03-10 13:48:23+00:00	0	1	3	0	Twitter Web App
Nietzchrodinger	aliceschwarze	1501917887891746817	replied_to	2022-03-10 13:48:23+00:00	0	1	3	0	Twitter Web App
gdeandajauregui	Nietzchrodinger	1501915012121731075	replied_to	2022-03-10 13:36:57+00:00	0	0	1	0	Twitter Web App
gdeandajauregui	gdeandajauregui	1501915012121731075	replied_to	2022-03-10 13:36:57+00:00	0	0	1	0	Twitter Web App
gdeandajauregui	aliceschwarze	1501915012121731075	replied_to	2022-03-10 13:36:57+00:00	0	0	1	0	Twitter Web App
slothgirlmel	gdeandajauregui	1501914531588710403	replied_to	2022-03-10 13:35:03+00:00	0	1	3	0	Twitter for Android
slothgirlmel	MaxFalken	1501914531588710403	replied_to	2022-03-10 13:35:03+00:00	0	1	3	0	Twitter for Android
slothgirlmel	aliceschwarze	1501914531588710403	replied_to	2022-03-10 13:35:03+00:00	0	1	3	0	Twitter for Android
slothgirlmel	MaxFalken	1501914531588710403	replied_to	2022-03-10 13:35:03+00:00	0	1	3	0	Twitter for Android
itsgorain	MaxFalken	1501912751924338691	replied_to	2022-03-10 13:27:58+00:00	0	1	4	0	Twitter for Android
itsgorain	aliceschwarze	1501912751924338691	replied_to	2022-03-10 13:27:58+00:00	0	1	4	0	Twitter for Android
itsgorain	Nietzchrodinger	1501912751924338691	replied_to	2022-03-10 13:27:58+00:00	0	1	4	0	Twitter for Android
mdcatchen	aliceschwarze	1501747105961897984	replied_to	2022-03-10 02:29:45+00:00	0	1	3	0	Twitter for iPhone
onursavas	mdcatchen	1501726029907468288	replied_to	2022-03-10 01:06:00+00:00	0	0	2	0	Twitter Web App
onursavas	aliceschwarze	1501726029907468288	replied_to	2022-03-10 01:06:00+00:00	0	0	2	0	Twitter Web App
onursavas	FlavioAffinito	1501726029907468288	replied_to	2022-03-10 01:06:00+00:00	0	0	2	0	Twitter Web App
carlblong	mdcatchen	1501723981833027587	replied_to	2022-03-10 00:57:52+00:00	0	2	5	0	Twitter Web App
carlblong	aliceschwarze	1501723981833027587	replied_to	2022-03-10 00:57:52+00:00	0	2	5	0	Twitter Web App
carlblong	FlavioAffinito	1501723981833027587	replied_to	2022-03-10 00:57:52+00:00	0	2	5	0	Twitter Web App
WiNS_Society	mdcatchen	1501694554272980992	replied_to	2022-03-09 23:00:56+00:00	0	0	1	0	Twitter Web App
WiNS_Society	aliceschwarze	1501694554272980992	replied_to	2022-03-09 23:00:56+00:00	0	0	1	0	Twitter Web App
WiNS_Society	tpoi	1501694554272980992	replied_to	2022-03-09 23:00:56+00:00	0	0	1	0	Twitter Web App
WiNS_Society	DanLarremore	1501694554272980992	replied_to	2022-03-09 23:00:56+00:00	0	0	1	0	Twitter Web App
WiNS_Society	fevaldovinos	1501694554272980992	replied_to	2022-03-09 23:00:56+00:00	0	0	1	0	Twitter Web App
WiNS_Society	Juanga_Restrepo	1501694554272980992	replied_to	2022-03-09 23:00:56+00:00	0	0	1	0	Twitter Web App
WiNS_Society	DaniSBassett	1501694554272980992	replied_to	2022-03-09 23:00:56+00:00	0	0	1	0	Twitter Web App
WiNS_Society	aaronclauset	1501694554272980992	replied_to	2022-03-09 23:00:56+00:00	0	0	1	0	Twitter Web App
WiNS_Society	LHDnets	1501694554272980992	replied_to	2022-03-09 23:00:56+00:00	0	0	1	0	Twitter Web App
WiNS_Society	DynamicsSIAM	1501694554272980992	replied_to	2022-03-09 23:00:56+00:00	0	0	1	0	Twitter Web App
WiNS_Society	_jgyou	1501694554272980992	replied_to	2022-03-09 23:00:56+00:00	0	0	1	0	Twitter Web App
richardclegg	mdcatchen	1501692697811161090	replied_to	2022-03-09 22:53:33+00:00	0	0	0	0	Twitter for iPhone
richardclegg	aliceschwarze	1501692697811161090	replied_to	2022-03-09 22:53:33+00:00	0	0	0	0	Twitter for iPhone
branmorrighan	TravisEGibson	1501692479900643329	replied_to	2022-03-09 22:52:41+00:00	0	1	1	1	Twitter Web App
branmorrighan	aliceschwarze	1501692479900643329	replied_to	2022-03-09 22:52:41+00:00	0	1	1	1	Twitter Web App
branmorrighan	FlavioAffinito	1501692479900643329	replied_to	2022-03-09 22:52:41+00:00	0	1	1	1	Twitter Web App
spacenerd19	mdcatchen	1501689732052533253	replied_to	2022-03-09 22:41:46+00:00	0	1	2	0	Twitter for iPhone
spacenerd19	aliceschwarze	1501689732052533253	replied_to	2022-03-09 22:41:46+00:00	0	1	2	0	Twitter for iPhone
Dirivian	aliceschwarze	1501685176153395212	replied_to	2022-03-09 22:23:40+00:00	0	1	1	0	Twitter Web App
Dirivian	tpoi	1501685176153395212	replied_to	2022-03-09 22:23:40+00:00	0	1	1	0	Twitter Web App
Dirivian	DanLarremore	1501685176153395212	replied_to	2022-03-09 22:23:40+00:00	0	1	1	0	Twitter Web App
Dirivian	fevaldovinos	1501685176153395212	replied_to	2022-03-09 22:23:40+00:00	0	1	1	0	Twitter Web App
Dirivian	Juanga_Restrepo	1501685176153395212	replied_to	2022-03-09 22:23:40+00:00	0	1	1	0	Twitter Web App
Dirivian	DaniSBassett	1501685176153395212	replied_to	2022-03-09 22:23:40+00:00	0	1	1	0	Twitter Web App
Dirivian	aaronclauset	1501685176153395212	replied_to	2022-03-09 22:23:40+00:00	0	1	1	0	Twitter Web App
Dirivian	nwlandry	1501685176153395212	replied_to	2022-03-09 22:23:40+00:00	0	1	1	0	Twitter Web App
Dirivian	LHDnets	1501685176153395212	replied_to	2022-03-09 22:23:40+00:00	0	1	1	0	Twitter Web App
Dirivian	DynamicsSIAM	1501685176153395212	replied_to	2022-03-09 22:23:40+00:00	0	1	1	0	Twitter Web App
Miss_Rotstift	aliceschwarze	1501670545628225544	replied_to	2022-03-09 21:25:32+00:00	0	0	2	0	Twitter for iPhone
Miss_Rotstift	stevenstrogatz	1501670545628225544	replied_to	2022-03-09 21:25:32+00:00	0	0	2	0	Twitter for iPhone
FarsaneTV	aliceschwarze	1501614212073799684	replied_to	2022-03-09 17:41:41+00:00	0	0	0	0	Twitter Web App
FarsaneTV	stevenstrogatz	1501614212073799684	replied_to	2022-03-09 17:41:41+00:00	0	0	0	0	Twitter Web App
moitrish_m	aliceschwarze	1501222381016150020	replied_to	2022-03-08 15:44:41+00:00	4	1	12	0	Twitter Web App
_fernando_rosas	aliceschwarze	1500958394999521288	replied_to	2022-03-07 22:15:42+00:00	0	1	1	0	Twitter for Android
Sneha__Ka	aliceschwarze	1500919981051105286	replied_to	2022-03-07 19:43:03+00:00	0	0	1	0	Twitter for Android
hyunsookshin3	aliceschwarze	1500915368302424071	replied_to	2022-03-07 19:24:44+00:00	0	0	1	0	Twitter for iPhone
gammagirllab	aliceschwarze	1500177664962875398	replied_to	2022-03-05 18:33:21+00:00	0	1	1	0	Twitter Web App
NeilAbel11	aliceschwarze	1499783122065539074	replied_to	2022-03-04 16:25:35+00:00	0	0	0	0	Twitter Web App
NeilAbel11	dustythewitch	1499783122065539074	replied_to	2022-03-04 16:25:35+00:00	0	0	0	0	Twitter Web App
GysiDeisy	aliceschwarze	1499650642859626496	replied_to	2022-03-04 07:39:10+00:00	0	0	1	0	Twitter for Android
amitava_physics	aliceschwarze	1499504939781009416	replied_to	2022-03-03 22:00:11+00:00	0	0	2	0	Twitter Web App
AcabouOSuco	aliceschwarze	1499183417564532742	replied_to	2022-03-03 00:42:34+00:00	0	0	1	0	Twitter for iPhone
mathillustrated	aliceschwarze	1499102195421261827	replied_to	2022-03-02 19:19:50+00:00	0	0	1	0	Twitter Web App
theosysbio	aliceschwarze	1499101581568245764	replied_to	2022-03-02 19:17:23+00:00	0	0	1	0	Twitter for iPhone
PhilChodrow	aliceschwarze	1499092926588416000	replied_to	2022-03-02 18:43:00+00:00	0	1	0	0	Twitter for iPhone
_leotrs	aliceschwarze	1496989930111012864	replied_to	2022-02-24 23:26:26+00:00	0	0	0	0	Twitter for Android
_leotrs	_giuliacencetti	1496989930111012864	replied_to	2022-02-24 23:26:26+00:00	0	0	0	0	Twitter for Android
Hontas_Farmer	aliceschwarze	1496828184838361094	replied_to	2022-02-24 12:43:43+00:00	0	0	1	0	Twitter Web App
Marc_Compere	aliceschwarze	1496718143401521152	replied_to	2022-02-24 05:26:27+00:00	0	0	1	0	Twitter Web App
nemo_confidat	aliceschwarze	1496635172036300802	replied_to	2022-02-23 23:56:45+00:00	0	0	1	0	Twitter for Android
RTofTheMMAC	aliceschwarze	1496352981243076610	replied_to	2022-02-23 05:15:26+00:00	0	0	1	0	Twitter for Android
oneofyen	aliceschwarze	1495929896765468675	replied_to	2022-02-22 01:14:15+00:00	0	0	0	0	Twitter for Android
blaqdolphin	aliceschwarze	1495901063190392834	replied_to	2022-02-21 23:19:40+00:00	0	0	1	0	Twitter for iPhone
blaqdolphin	chadtopaz	1495901063190392834	replied_to	2022-02-21 23:19:40+00:00	0	0	1	0	Twitter for iPhone
fibonacci11235s	aliceschwarze	1495879351879237634	replied_to	2022-02-21 21:53:24+00:00	0	0	0	0	Twitter for iPhone
DynamicsSIAM	aliceschwarze	1495838137993646080	replied_to	2022-02-21 19:09:38+00:00	0	0	1	0	Twitter for Android
KristaGully	aliceschwarze	1495821277046919168	replied_to	2022-02-21 18:02:38+00:00	0	0	1	0	Twitter Web App
1Thunder_Struck	aliceschwarze	1495821144401850369	replied_to	2022-02-21 18:02:06+00:00	0	1	4	0	Twitter Web App
Mid_Fidelity	aliceschwarze	1495812706791837702	replied_to	2022-02-21 17:28:34+00:00	0	1	0	0	Twitter Web App
baizalla	RTofTheMMAC	1495277515581140993	replied_to	2022-02-20 06:01:55+00:00	0	0	1	0	Twitter Web App
baizalla	aliceschwarze	1495277515581140993	replied_to	2022-02-20 06:01:55+00:00	0	0	1	0	Twitter Web App
jccalvojackson	aliceschwarze	1495251604324466688	replied_to	2022-02-20 04:18:57+00:00	0	0	0	0	Twitter Web App
HirokiSayama	TMoldwin	1495219504758018052	replied_to	2022-02-20 02:11:24+00:00	0	0	0	0	Twitter for iPad
HirokiSayama	aliceschwarze	1495219504758018052	replied_to	2022-02-20 02:11:24+00:00	0	0	0	0	Twitter for iPad
HirokiSayama	yudapearl	1495219504758018052	replied_to	2022-02-20 02:11:24+00:00	0	0	0	0	Twitter for iPad
alainbarrat	TMoldwin	1495218847602950147	replied_to	2022-02-20 02:08:47+00:00	0	0	3	0	Twitter for iPad
alainbarrat	aliceschwarze	1495218847602950147	replied_to	2022-02-20 02:08:47+00:00	0	0	3	0	Twitter for iPad
alainbarrat	yudapearl	1495218847602950147	replied_to	2022-02-20 02:08:47+00:00	0	0	3	0	Twitter for iPad
CepheidStudio	TMoldwin	1495217702524583937	replied_to	2022-02-20 02:04:14+00:00	0	2	8	0	Twitter for iPad
CepheidStudio	aliceschwarze	1495217702524583937	replied_to	2022-02-20 02:04:14+00:00	0	2	8	0	Twitter for iPad
CepheidStudio	yudapearl	1495217702524583937	replied_to	2022-02-20 02:04:14+00:00	0	2	8	0	Twitter for iPad
AVWhitmore	aliceschwarze	1495144608031989761	replied_to	2022-02-19 21:13:47+00:00	0	0	0	0	Twitter Web App
frightfulHoblin	aliceschwarze	1495087161841897473	replied_to	2022-02-19 17:25:31+00:00	0	1	3	0	Twitter for iPhone
phydigitals	aliceschwarze	1494901794127769606	replied_to	2022-02-19 05:08:56+00:00	0	0	1	0	Twitter Web App
maaminian	aliceschwarze	1494567445448769537	replied_to	2022-02-18 07:00:21+00:00	0	0	1	0	Twitter Web App
NicoleEikmeier	aliceschwarze	1494473104944340993	replied_to	2022-02-18 00:45:28+00:00	0	0	0	0	Twitter Web App
NicoleEikmeier	mathnaudrey	1494473104944340993	replied_to	2022-02-18 00:45:28+00:00	0	0	0	0	Twitter Web App
olivercliff	aliceschwarze	1494463255342899203	replied_to	2022-02-18 00:06:20+00:00	0	1	0	0	Twitter Web App
ThosVarley	aliceschwarze	1494310383498235915	replied_to	2022-02-17 13:58:53+00:00	0	0	2	0	Twitter for Android
ThosVarley	WiNS_Society	1494310383498235915	replied_to	2022-02-17 13:58:53+00:00	0	0	2	0	Twitter for Android
EcoSysHerb	aliceschwarze	1494071866721406978	replied_to	2022-02-16 22:11:06+00:00	0	0	2	0	Twitter Web App
NoThanksHoney1	aliceschwarze	1493636434288201729	replied_to	2022-02-15 17:20:51+00:00	0	1	1	0	Twitter Web App
jlizier	aliceschwarze	1493626176434176001	replied_to	2022-02-15 16:40:05+00:00	0	0	2	0	Twitter for Android
jlizier	cntraveller	1493626176434176001	replied_to	2022-02-15 16:40:05+00:00	0	0	2	0	Twitter for Android
joshuagrochow	aliceschwarze	1493619977114595329	replied_to	2022-02-15 16:15:27+00:00	0	0	8	0	Twitter for Android
joshuagrochow	cntraveller	1493619977114595329	replied_to	2022-02-15 16:15:27+00:00	0	0	8	0	Twitter for Android
MartaIGarrido	aliceschwarze	1493605833271304201	replied_to	2022-02-15 15:19:15+00:00	0	1	1	0	Twitter for Android
cognotrope	aliceschwarze	1488283877131132928	replied_to	2022-01-31 22:51:41+00:00	0	1	1	0	Twitter for iPhone
cognotrope	stubborncurias	1488283877131132928	replied_to	2022-01-31 22:51:41+00:00	0	1	1	0	Twitter for iPhone
stubborncurias	stubborncurias	1488283796885721090	replied_to	2022-01-31 22:51:22+00:00	0	0	1	0	Twitter for iPhone
stubborncurias	aliceschwarze	1488283796885721090	replied_to	2022-01-31 22:51:22+00:00	0	0	1	0	Twitter for iPhone
olivercliff	aliceschwarze	1488279734714834946	replied_to	2022-01-31 22:35:14+00:00	0	2	2	0	Twitter Web App
unchitta_kan	aliceschwarze	1488277667107377153	replied_to	2022-01-31 22:27:01+00:00	0	1	1	0	Twitter Web App
mdcatchen	aliceschwarze	1488275469480906757	replied_to	2022-01-31 22:18:17+00:00	0	1	1	0	Twitter Web App
citron_daniel	aliceschwarze	1486881449945014272	replied_to	2022-01-28 01:58:57+00:00	0	0	1	0	Twitter for iPhone
TravisEGibson	TravisEGibson	1486113947354898436	replied_to	2022-01-25 23:09:10+00:00	0	0	1	0	Twitter Web App
TravisEGibson	aliceschwarze	1486113947354898436	replied_to	2022-01-25 23:09:10+00:00	0	0	1	0	Twitter Web App
KorinnaAllhoff	TravisEGibson	1486113866924896267	replied_to	2022-01-25 23:08:51+00:00	0	1	1	0	Twitter Web App
KorinnaAllhoff	aliceschwarze	1486113866924896267	replied_to	2022-01-25 23:08:51+00:00	0	1	1	0	Twitter Web App
Afdezanta	TravisEGibson	1486113795781148679	replied_to	2022-01-25 23:08:34+00:00	0	1	1	0	Twitter Web App
Afdezanta	aliceschwarze	1486113795781148679	replied_to	2022-01-25 23:08:34+00:00	0	1	1	0	Twitter Web App
jugander	Afdezanta	1486040892276285443	replied_to	2022-01-25 18:18:52+00:00	0	0	1	0	Twitter Web App
jugander	aliceschwarze	1486040892276285443	replied_to	2022-01-25 18:18:52+00:00	0	0	1	0	Twitter Web App
kerstinsailer	jugander	1485982251880009736	replied_to	2022-01-25 14:25:51+00:00	0	0	2	0	Twitter Web App
kerstinsailer	aliceschwarze	1485982251880009736	replied_to	2022-01-25 14:25:51+00:00	0	0	2	0	Twitter Web App
richardclegg	aliceschwarze	1485980583012585473	quoted	2022-01-25 14:19:13+00:00	0	0	1	0	Twitter Web App
jasnyder610	mdcatchen	1485979679832039424	replied_to	2022-01-25 14:15:38+00:00	0	1	2	0	Twitter Web App
jasnyder610	aliceschwarze	1485979679832039424	replied_to	2022-01-25 14:15:38+00:00	0	1	2	0	Twitter Web App
AnOddParadigm	mdcatchen	1485979432821080068	replied_to	2022-01-25 14:14:39+00:00	0	1	0	0	Twitter Web App
AnOddParadigm	aliceschwarze	1485979432821080068	replied_to	2022-01-25 14:14:39+00:00	0	1	0	0	Twitter Web App
JJ_Borrelli	mdcatchen	1485978570224807944	replied_to	2022-01-25 14:11:13+00:00	0	1	0	0	Twitter Web App
JJ_Borrelli	aliceschwarze	1485978570224807944	replied_to	2022-01-25 14:11:13+00:00	0	1	0	0	Twitter Web App
ampanmdagaba	aliceschwarze	1485871484564381703	replied_to	2022-01-25 07:05:42+00:00	0	0	0	0	Twitter Web App
tpoi	citron_daniel	1485869660776153092	replied_to	2022-01-25 06:58:27+00:00	0	1	0	0	Twitter for iPhone
tpoi	aliceschwarze	1485869660776153092	replied_to	2022-01-25 06:58:27+00:00	0	1	0	0	Twitter for iPhone
graveolens	aliceschwarze	1485755840288096257	replied_to	2022-01-24 23:26:10+00:00	3	1	16	1	Twitter Web App
KameronDHarris	aliceschwarze	1485755105592893444	replied_to	2022-01-24 23:23:15+00:00	0	1	1	0	Twitter Web App
vandelaybiomed	aliceschwarze	1485659195571593226	replied_to	2022-01-24 17:02:09+00:00	0	0	1	0	Twitter for Android
vandelaybiomed	blengyelb	1485659195571593226	replied_to	2022-01-24 17:02:09+00:00	0	0	1	0	Twitter for Android
TracyMSweet	aliceschwarze	1485649300155678721	replied_to	2022-01-24 16:22:49+00:00	0	0	1	0	Twitter for Android
dinacmistry	aliceschwarze	1485646623053131777	replied_to	2022-01-24 16:12:11+00:00	0	1	1	0	Twitter for Android
robertnward	aliceschwarze	1485646448599478276	replied_to	2022-01-24 16:11:29+00:00	0	1	1	0	Twitter for Android
HirokiSayama	TravisEGibson	1485634502730952713	replied_to	2022-01-24 15:24:01+00:00	0	1	1	0	Twitter Web App
HirokiSayama	aliceschwarze	1485634502730952713	replied_to	2022-01-24 15:24:01+00:00	0	1	1	0	Twitter Web App
CSRDay	aliceschwarze	1485632371743469569	replied_to	2022-01-24 15:15:33+00:00	0	0	3	0	Twitter Web App
evoluchico	aliceschwarze	1485629807220207617	replied_to	2022-01-24 15:05:22+00:00	0	1	1	0	Twitter for Android
evoluchico	blengyelb	1485629807220207617	replied_to	2022-01-24 15:05:22+00:00	0	1	1	0	Twitter for Android
sk_97531	mdcatchen	1485629741201776642	replied_to	2022-01-24 15:05:06+00:00	0	2	2	0	Twitter for iPhone
sk_97531	aliceschwarze	1485629741201776642	replied_to	2022-01-24 15:05:06+00:00	0	2	2	0	Twitter for iPhone
PortersLodge	aliceschwarze	1485629441128677384	replied_to	2022-01-24 15:03:55+00:00	0	0	2	0	Twitter for iPhone
khinsen	aliceschwarze	1485629111552950276	replied_to	2022-01-24 15:02:36+00:00	2	1	4	0	Twitter for Android
khinsen	blengyelb	1485629111552950276	replied_to	2022-01-24 15:02:36+00:00	2	1	4	0	Twitter for Android
NehanivCL	aliceschwarze	1485629026672779266	replied_to	2022-01-24 15:02:16+00:00	2	1	3	0	Twitter Web App
NehanivCL	scalizzi1	1485629026672779266	replied_to	2022-01-24 15:02:16+00:00	2	1	3	0	Twitter Web App
mrchrisquarles	aliceschwarze	1485628677383671813	replied_to	2022-01-24 15:00:52+00:00	0	0	1	0	Twitter Web App
pmackey80	aliceschwarze	1485627139860971520	replied_to	2022-01-24 14:54:46+00:00	2	1	7	1	Twitter for Android
BMtHart	aliceschwarze	1485626328254754822	replied_to	2022-01-24 14:51:32+00:00	1	1	1	0	Twitter Web App
PhilChodrow	aliceschwarze	1485625378332889091	replied_to	2022-01-24 14:47:46+00:00	2	1	2	0	Twitter Web App
enfascination	aliceschwarze	1485623971567570944	replied_to	2022-01-24 14:42:11+00:00	2	2	4	0	Twitter Web App
nwlandry	aliceschwarze	1485049276568793089	replied_to	2022-01-23 00:38:33+00:00	0	0	1	0	Twitter for Android
Lavoisierbug	aliceschwarze	1484716799601958915	replied_to	2022-01-22 02:37:24+00:00	0	0	0	0	Twitter Web App
Lavoisierbug	coecke	1484716799601958915	replied_to	2022-01-22 02:37:24+00:00	0	0	0	0	Twitter Web App
pholme	dinacmistry	1484696399010742278	replied_to	2022-01-22 01:16:20+00:00	0	0	2	0	Twitter for iPhone
pholme	aliceschwarze	1484696399010742278	replied_to	2022-01-22 01:16:20+00:00	0	0	2	0	Twitter for iPhone
satuelisa	robertnward	1484685827040899075	replied_to	2022-01-22 00:34:19+00:00	0	0	1	0	Twitter for Android
satuelisa	aliceschwarze	1484685827040899075	replied_to	2022-01-22 00:34:19+00:00	0	0	1	0	Twitter for Android
peterdodds	dinacmistry	1484684205623848964	replied_to	2022-01-22 00:27:53+00:00	0	0	1	0	Twitter for iPhone
peterdodds	aliceschwarze	1484684205623848964	replied_to	2022-01-22 00:27:53+00:00	0	0	1	0	Twitter for iPhone
Arodbal	dinacmistry	1484683151901405191	replied_to	2022-01-22 00:23:42+00:00	1	2	2	0	Twitter for iPhone
Arodbal	aliceschwarze	1484683151901405191	replied_to	2022-01-22 00:23:42+00:00	1	2	2	0	Twitter for iPhone
zpneal	aliceschwarze	1484237116058091526	replied_to	2022-01-20 18:51:18+00:00	0	0	2	0	Twitter Web App
LouisShekhtman	aliceschwarze	1484235553088409600	replied_to	2022-01-20 18:45:06+00:00	0	1	1	0	Twitter Web App
branmorrighan	aliceschwarze	1484193615161307137	replied_to	2022-01-20 15:58:27+00:00	0	1	3	0	Twitter Web App
DynamicsSIAM	aliceschwarze	1484154631475408901	replied_to	2022-01-20 13:23:33+00:00	0	0	3	0	Twitter Web App
_jgyou	aliceschwarze	1484135047297114115	replied_to	2022-01-20 12:05:43+00:00	0	0	1	0	Twitter for Android
schnee	khinsen	1484079954069528581	replied_to	2022-01-20 08:26:48+00:00	0	0	2	0	Twitter Web App
schnee	aliceschwarze	1484079954069528581	replied_to	2022-01-20 08:26:48+00:00	0	0	2	0	Twitter Web App
Dirivian	aliceschwarze	1484075506597306369	replied_to	2022-01-20 08:09:08+00:00	0	1	3	0	Twitter Web App
cliff_watkins	aliceschwarze	1484075076249133063	replied_to	2022-01-20 08:07:25+00:00	0	1	0	0	Twitter Web App
adantro	aliceschwarze	1483994825473110017	replied_to	2022-01-20 02:48:32+00:00	0	0	0	0	Twitter Web App
ManelCamacho3	aliceschwarze	1483953105867878402	replied_to	2022-01-20 00:02:45+00:00	0	0	1	0	Twitter for Android
8ryceClarke	aliceschwarze	1483952724727279622	replied_to	2022-01-20 00:01:14+00:00	0	1	2	0	Twitter for Android
klts0	aliceschwarze	1483917402245062657	replied_to	2022-01-19 21:40:53+00:00	0	0	2	0	Twitter Web App
CarolinaMttssn	aliceschwarze	1483905767472345100	replied_to	2022-01-19 20:54:39+00:00	0	0	3	0	Twitter for Android
Marc_Compere	aliceschwarze	1483897665444212739	replied_to	2022-01-19 20:22:27+00:00	0	0	2	0	Twitter Web App
NeaveOClery	aliceschwarze	1483891844144455684	replied_to	2022-01-19 19:59:19+00:00	0	0	3	0	Twitter Web App
HenningWillers	aliceschwarze	1483882262349242368	replied_to	2022-01-19 19:21:15+00:00	0	0	2	0	Twitter Web App
NCIJBSloan	aliceschwarze	1483875969605595136	replied_to	2022-01-19 18:56:14+00:00	0	0	2	0	Twitter Web App
HeikoEnderling	aliceschwarze	1483875563664248833	replied_to	2022-01-19 18:54:38+00:00	0	0	11	0	Twitter Web App
acorralcrm	aliceschwarze	1483331753041440768	replied_to	2022-01-18 06:53:43+00:00	0	0	0	0	Twitter for Android
dgzara	aliceschwarze	1481651698237984775	replied_to	2022-01-13 15:37:47+00:00	0	0	1	0	Twitter for iPhone
HirokiSayama	aliceschwarze	1481643535178686464	replied_to	2022-01-13 15:05:21+00:00	0	1	1	0	Twitter Web App
DanielCooney1	aliceschwarze	1479925027713830912	replied_to	2022-01-08 21:16:36+00:00	0	0	1	0	Twitter Web App
DanielCooney1	aliceschwarze	1479925027713830912	replied_to	2022-01-08 21:16:36+00:00	0	0	1	0	Twitter Web App
KorinnaAllhoff	aliceschwarze	1479695511837884416	replied_to	2022-01-08 06:04:36+00:00	0	0	1	0	Twitter Web App
ScholarParis	aliceschwarze	1478717426804137989	replied_to	2022-01-05 13:18:02+00:00	0	1	2	0	Twitter Web App
Sneha__Ka	aliceschwarze	1478202634628698113	replied_to	2022-01-04 03:12:26+00:00	0	1	1	0	Twitter for iPhone
__GabyContreras	aliceschwarze	1478201188247949317	replied_to	2022-01-04 03:06:41+00:00	0	1	1	0	Twitter for iPhone
BlairDSullivan	aliceschwarze	1478199522039775234	replied_to	2022-01-04 03:00:04+00:00	0	1	1	0	Twitter for iPhone
WiNS_Society	aliceschwarze	1478179151592890373	replied_to	2022-01-04 01:39:07+00:00	0	1	1	0	Twitter for Android
tinaeliassi	aliceschwarze	1478156712003907584	quoted	2022-01-04 00:09:57+00:00	8	0	15	0	Twitter Web App
LoredanaBellan1	aliceschwarze	1478113531975409666	quoted	2022-01-03 21:18:22+00:00	0	0	10	0	Twitter for iPhone
kedwardbear	aliceschwarze	1478096953376493571	replied_to	2022-01-03 20:12:30+00:00	0	1	1	0	Twitter Web App
nwlandry	aliceschwarze	1476344237281083393	replied_to	2021-12-30 00:07:49+00:00	0	0	1	0	Twitter for iPad
branmorrighan	aliceschwarze	1476343482335727616	replied_to	2021-12-30 00:04:49+00:00	0	1	1	0	Twitter for iPad
DynamicsSIAM	aliceschwarze	1475560174311993347	replied_to	2021-12-27 20:12:14+00:00	0	0	0	0	Twitter Web App
narnolddd	HailyMerritt	1475466267377213446	replied_to	2021-12-27 13:59:05+00:00	2	1	20	1	Twitter for iPhone
narnolddd	FranciscaOrtizR	1475466267377213446	replied_to	2021-12-27 13:59:05+00:00	2	1	20	1	Twitter for iPhone
narnolddd	L_MwilambweT	1475466267377213446	replied_to	2021-12-27 13:59:05+00:00	2	1	20	1	Twitter for iPhone
narnolddd	sophie_loman	1475466267377213446	replied_to	2021-12-27 13:59:05+00:00	2	1	20	1	Twitter for iPhone
narnolddd	ana16_jaramillo	1475466267377213446	replied_to	2021-12-27 13:59:05+00:00	2	1	20	1	Twitter for iPhone
narnolddd	marianagmmacedo	1475466267377213446	replied_to	2021-12-27 13:59:05+00:00	2	1	20	1	Twitter for iPhone
narnolddd	aliceschwarze	1475466267377213446	replied_to	2021-12-27 13:59:05+00:00	2	1	20	1	Twitter for iPhone
narnolddd	branmorrighan	1475466267377213446	replied_to	2021-12-27 13:59:05+00:00	2	1	20	1	Twitter for iPhone
narnolddd	foucaultwelles	1475466267377213446	replied_to	2021-12-27 13:59:05+00:00	2	1	20	1	Twitter for iPhone
all_are	WiNS_Society	1475466260255330305	mentioned	2021-12-27 13:59:03+00:00	13	1	48	4	Twitter for iPhone
all_are	aliceschwarze	1475466260255330305	mentioned	2021-12-27 13:59:03+00:00	13	1	48	4	Twitter for iPhone
all_are	diliara_valeeva	1475466260255330305	mentioned	2021-12-27 13:59:03+00:00	13	1	48	4	Twitter for iPhone
all_are	branmorrighan	1475466260255330305	mentioned	2021-12-27 13:59:03+00:00	13	1	48	4	Twitter for iPhone
all_are	marianagmmacedo	1475466260255330305	mentioned	2021-12-27 13:59:03+00:00	13	1	48	4	Twitter for iPhone
all_are	leoneuhaeuser	1475466260255330305	mentioned	2021-12-27 13:59:03+00:00	13	1	48	4	Twitter for iPhone
all_are	FranciscaOrtizR	1475466260255330305	mentioned	2021-12-27 13:59:03+00:00	13	1	48	4	Twitter for iPhone
KameronDHarris	aliceschwarze	1474132642152992779	replied_to	2021-12-23 21:39:44+00:00	0	0	2	0	Twitter for Android
flamarquitti	aliceschwarze	1473035434359877639	replied_to	2021-12-20 20:59:49+00:00	0	0	4	0	Twitter Web App
RSchwarz_e	aliceschwarze	1473032784318922753	replied_to	2021-12-20 20:49:18+00:00	0	1	1	0	Twitter Web App
ekkehardernst	aliceschwarze	1473032734528344064	replied_to	2021-12-20 20:49:06+00:00	0	1	4	0	Twitter Web App
pholme	aliceschwarze	1473026242542637056	replied_to	2021-12-20 20:23:18+00:00	1	1	6	2	Twitter Web App
dinacmistry	aliceschwarze	1473025979975045122	replied_to	2021-12-20 20:22:15+00:00	0	1	3	0	Twitter Web App
shaevitz	aliceschwarze	1473024677991763968	replied_to	2021-12-20 20:17:05+00:00	0	1	2	0	Twitter Web App
Sci_Tai	aliceschwarze	1473024349913313283	replied_to	2021-12-20 20:15:47+00:00	0	1	2	0	Twitter Web App
oritpeleg	all_are	1471889538666708996	replied_to	2021-12-17 17:06:27+00:00	0	0	1	0	Twitter Web App
oritpeleg	DynamicsSIAM	1471889538666708996	replied_to	2021-12-17 17:06:27+00:00	0	0	1	0	Twitter Web App
oritpeleg	aliceschwarze	1471889538666708996	replied_to	2021-12-17 17:06:27+00:00	0	0	1	0	Twitter Web App
FranciscaOrtizR	narnolddd	1471885616891715585	replied_to	2021-12-17 16:50:52+00:00	0	1	5	0	Twitter Web App
FranciscaOrtizR	DynamicsSIAM	1471885616891715585	replied_to	2021-12-17 16:50:52+00:00	0	1	5	0	Twitter Web App
FranciscaOrtizR	aliceschwarze	1471885616891715585	replied_to	2021-12-17 16:50:52+00:00	0	1	5	0	Twitter Web App
SpeenDoctor_	DynamicsSIAM	1471882433314402306	replied_to	2021-12-17 16:38:13+00:00	0	1	0	0	Twitter Web App
SpeenDoctor_	aliceschwarze	1471882433314402306	replied_to	2021-12-17 16:38:13+00:00	0	1	0	0	Twitter Web App
FarsaneTV	narnolddd	1471881252915482626	replied_to	2021-12-17 16:33:31+00:00	0	1	5	0	Twitter Web App
FarsaneTV	aliceschwarze	1471881252915482626	replied_to	2021-12-17 16:33:31+00:00	0	1	5	0	Twitter Web App
IMSI_Institute	narnolddd	1471881100901306372	replied_to	2021-12-17 16:32:55+00:00	0	1	9	0	Twitter Web App
IMSI_Institute	aliceschwarze	1471881100901306372	replied_to	2021-12-17 16:32:55+00:00	0	1	9	0	Twitter Web App
gammagirllab	aliceschwarze	1471855960981336064	replied_to	2021-12-17 14:53:01+00:00	0	0	1	0	Twitter for Android
JoshuaABull	_ksthrlnd	1471517451108032520	replied_to	2021-12-16 16:27:54+00:00	0	0	9	0	Twitter for Android
JoshuaABull	aliceschwarze	1471517451108032520	replied_to	2021-12-16 16:27:54+00:00	0	0	9	0	Twitter for Android
_cedre	aliceschwarze	1471475415936122881	replied_to	2021-12-16 13:40:52+00:00	0	1	2	0	Twitter for iPhone
_cedre	masonporter	1471475415936122881	replied_to	2021-12-16 13:40:52+00:00	0	1	2	0	Twitter for iPhone
ManelCamacho3	aliceschwarze	1471390800491814922	replied_to	2021-12-16 08:04:38+00:00	0	0	1	0	Twitter Web App
joshuagrochow	aliceschwarze	1471356003610669058	replied_to	2021-12-16 05:46:22+00:00	1	0	3	0	Twitter Web App
maximelca	aliceschwarze	1471354378691158016	replied_to	2021-12-16 05:39:54+00:00	0	1	1	0	Twitter for iPhone
theosysbio	aliceschwarze	1471239336821624832	replied_to	2021-12-15 22:02:46+00:00	0	0	1	0	Twitter for Android
PessoaBrain	aliceschwarze	1471238180380635137	replied_to	2021-12-15 21:58:11+00:00	0	1	1	0	Twitter for Android
ChSteglich	aliceschwarze	1470850381529890832	replied_to	2021-12-14 20:17:12+00:00	0	0	2	0	Twitter for Android
ChSteglich	WiNS_Society	1470850381529890832	replied_to	2021-12-14 20:17:12+00:00	0	0	2	0	Twitter for Android
ChSteglich	diliara_valeeva	1470850381529890832	replied_to	2021-12-14 20:17:12+00:00	0	0	2	0	Twitter for Android
ChSteglich	leoneuhaeuser	1470850381529890832	replied_to	2021-12-14 20:17:12+00:00	0	0	2	0	Twitter for Android
GokhaleCS	aliceschwarze	1470848574032285698	replied_to	2021-12-14 20:10:01+00:00	0	0	2	0	Twitter for iPhone
GokhaleCS	WiNS_Society	1470848574032285698	replied_to	2021-12-14 20:10:01+00:00	0	0	2	0	Twitter for iPhone
GokhaleCS	diliara_valeeva	1470848574032285698	replied_to	2021-12-14 20:10:01+00:00	0	0	2	0	Twitter for iPhone
GokhaleCS	leoneuhaeuser	1470848574032285698	replied_to	2021-12-14 20:10:01+00:00	0	0	2	0	Twitter for iPhone
GokhaleCS	branmorrighan	1470848574032285698	replied_to	2021-12-14 20:10:01+00:00	0	0	2	0	Twitter for iPhone
GokhaleCS	WiNS_Society	1470848574032285698	replied_to	2021-12-14 20:10:01+00:00	0	0	2	0	Twitter for iPhone
MxLeoNC	aliceschwarze	1470836880669298697	replied_to	2021-12-14 19:23:33+00:00	0	0	1	0	Twitter for iPad
MxLeoNC	oritpeleg	1470836880669298697	replied_to	2021-12-14 19:23:33+00:00	0	0	1	0	Twitter for iPad
MxLeoNC	greg_stephens	1470836880669298697	replied_to	2021-12-14 19:23:33+00:00	0	0	1	0	Twitter for iPad
MxLeoNC	AspenPhysics	1470836880669298697	replied_to	2021-12-14 19:23:33+00:00	0	0	1	0	Twitter for iPad
tiagopeixoto	aliceschwarze	1470823404664246278	replied_to	2021-12-14 18:30:00+00:00	0	0	3	0	Twitter Web App
tiagopeixoto	oritpeleg	1470823404664246278	replied_to	2021-12-14 18:30:00+00:00	0	0	3	0	Twitter Web App
tiagopeixoto	shaevitz	1470823404664246278	replied_to	2021-12-14 18:30:00+00:00	0	0	3	0	Twitter Web App
tiagopeixoto	greg_stephens	1470823404664246278	replied_to	2021-12-14 18:30:00+00:00	0	0	3	0	Twitter Web App
tiagopeixoto	AspenPhysics	1470823404664246278	replied_to	2021-12-14 18:30:00+00:00	0	0	3	0	Twitter Web App
ecozzo	aliceschwarze	1470823165135888389	replied_to	2021-12-14 18:29:03+00:00	0	1	4	0	Twitter Web App
ecozzo	oritpeleg	1470823165135888389	replied_to	2021-12-14 18:29:03+00:00	0	1	4	0	Twitter Web App
ecozzo	shaevitz	1470823165135888389	replied_to	2021-12-14 18:29:03+00:00	0	1	4	0	Twitter Web App
ecozzo	greg_stephens	1470823165135888389	replied_to	2021-12-14 18:29:03+00:00	0	1	4	0	Twitter Web App
ecozzo	AspenPhysics	1470823165135888389	replied_to	2021-12-14 18:29:03+00:00	0	1	4	0	Twitter Web App
ecozzo	oritpeleg	1470823165135888389	replied_to	2021-12-14 18:29:03+00:00	0	1	4	0	Twitter Web App
maaminian	aliceschwarze	1470822291592433677	replied_to	2021-12-14 18:25:35+00:00	0	0	1	0	Twitter for iPhone
maaminian	shaevitz	1470822291592433677	replied_to	2021-12-14 18:25:35+00:00	0	0	1	0	Twitter for iPhone
maaminian	greg_stephens	1470822291592433677	replied_to	2021-12-14 18:25:35+00:00	0	0	1	0	Twitter for iPhone
maaminian	AspenPhysics	1470822291592433677	replied_to	2021-12-14 18:25:35+00:00	0	0	1	0	Twitter for iPhone
richardclegg	aliceschwarze	1470779006035365904	replied_to	2021-12-14 15:33:35+00:00	0	0	2	0	Twitter for iPhone
richardclegg	WiNS_Society	1470779006035365904	replied_to	2021-12-14 15:33:35+00:00	0	0	2	0	Twitter for iPhone
ethan_levien	aliceschwarze	1470769774787444739	replied_to	2021-12-14 14:56:54+00:00	0	1	1	0	Twitter for iPhone
ethan_levien	WiNS_Society	1470769774787444739	replied_to	2021-12-14 14:56:54+00:00	0	1	1	0	Twitter for iPhone
alexpghayes	aliceschwarze	1470768998849646593	replied_to	2021-12-14 14:53:49+00:00	0	1	1	0	Twitter for iPhone
alexpghayes	WiNS_Society	1470768998849646593	replied_to	2021-12-14 14:53:49+00:00	0	1	1	0	Twitter for iPhone
joshua_a_becker	aliceschwarze	1470747181162414096	replied_to	2021-12-14 13:27:07+00:00	0	0	2	0	Twitter for Android
joshua_a_becker	WiNS_Society	1470747181162414096	replied_to	2021-12-14 13:27:07+00:00	0	0	2	0	Twitter for Android
EvolSci	aliceschwarze	1470602535614488577	replied_to	2021-12-14 03:52:21+00:00	0	0	2	0	Twitter for Android
LeyangX	aliceschwarze	1468389702801637381	replied_to	2021-12-08 01:19:21+00:00	0	0	2	0	Twitter Web App
gammagirllab	aliceschwarze	1468379763215585280	replied_to	2021-12-08 00:39:51+00:00	0	0	1	0	Twitter Web App
MxLeoNC	aliceschwarze	1468370617602699264	replied_to	2021-12-08 00:03:30+00:00	0	1	4	0	Twitter for Android
_jgyou	aliceschwarze	1468370291852152834	replied_to	2021-12-08 00:02:13+00:00	0	1	6	0	Twitter for Android
tiagopeixoto	aliceschwarze	1468364953639919622	replied_to	2021-12-07 23:41:00+00:00	0	0	11	0	Twitter Web App
_cedre	aliceschwarze	1468364509580611585	replied_to	2021-12-07 23:39:14+00:00	0	0	10	0	Twitter for Android
leolizzi	aliceschwarze	1468363129797156869	replied_to	2021-12-07 23:33:45+00:00	0	0	3	0	Twitter for iPhone
CarolinaMttssn	aliceschwarze	1467775018167939072	replied_to	2021-12-06 08:36:48+00:00	0	0	0	0	Twitter for Android
nwlandry	aliceschwarze	1467618115416739846	replied_to	2021-12-05 22:13:20+00:00	0	0	1	0	Twitter Web App
MassimoSt	aliceschwarze	1467607900117897217	replied_to	2021-12-05 21:32:44+00:00	0	0	1	0	Twitter Web App
LoredanaBellan1	aliceschwarze	1467607175077896198	replied_to	2021-12-05 21:29:52+00:00	0	0	1	0	Twitter Web App
MathieuGenois	aliceschwarze	1467588049932632074	replied_to	2021-12-05 20:13:52+00:00	0	1	1	0	Twitter Web App
pholme	aliceschwarze	1467202153211117576	replied_to	2021-12-04 18:40:27+00:00	0	1	4	0	Twitter Web App
pholme	WiNS_Society	1467202153211117576	replied_to	2021-12-04 18:40:27+00:00	0	1	4	0	Twitter Web App
pholme	WiNS_Society	1467202153211117576	replied_to	2021-12-04 18:40:27+00:00	0	1	4	0	Twitter Web App
_leotrs	aliceschwarze	1467024984774262784	replied_to	2021-12-04 06:56:27+00:00	0	0	1	0	Twitter for Android
GiulioRossetti	aliceschwarze	1467015714922184704	replied_to	2021-12-04 06:19:36+00:00	2	0	10	0	Twitter Web App
ingo_S	aliceschwarze	1466880054873497613	replied_to	2021-12-03 21:20:33+00:00	0	0	2	0	Twitter Web App
Yquetzal	aliceschwarze	1466779293137227779	replied_to	2021-12-03 14:40:09+00:00	0	0	3	0	Twitter for Android
narnolddd	maximelca	1466735580788801536	replied_to	2021-12-03 11:46:27+00:00	0	0	3	0	Twitter Web App
narnolddd	aliceschwarze	1466735580788801536	replied_to	2021-12-03 11:46:27+00:00	0	0	3	0	Twitter Web App
narnolddd	narnolddd	1466735580788801536	replied_to	2021-12-03 11:46:27+00:00	0	0	3	0	Twitter Web App
narnolddd	maximelca	1466735580788801536	replied_to	2021-12-03 11:46:27+00:00	0	0	3	0	Twitter Web App
narnolddd	aliceschwarze	1466735580788801536	replied_to	2021-12-03 11:46:27+00:00	0	0	3	0	Twitter Web App
maximelca	aliceschwarze	1466722234748309508	replied_to	2021-12-03 10:53:25+00:00	0	0	4	0	Twitter for iPhone
ScanLab1	maximelca	1466693516726255619	replied_to	2021-12-03 08:59:18+00:00	0	0	2	0	Twitter for Android
ScanLab1	aliceschwarze	1466693516726255619	replied_to	2021-12-03 08:59:18+00:00	0	0	2	0	Twitter for Android
ScanLab1	ingo_S	1466693516726255619	replied_to	2021-12-03 08:59:18+00:00	0	0	2	0	Twitter for Android
HerrGlucksfall	aliceschwarze	1466687122908364803	replied_to	2021-12-03 08:33:54+00:00	0	0	1	0	Twitter Web App
HerrGlucksfall	narnolddd	1466687122908364803	replied_to	2021-12-03 08:33:54+00:00	0	0	1	0	Twitter Web App
HerrGlucksfall	ingo_S	1466687122908364803	replied_to	2021-12-03 08:33:54+00:00	0	0	1	0	Twitter Web App
justlarryzhang	aliceschwarze	1466683631569715205	replied_to	2021-12-03 08:20:02+00:00	1	3	9	0	Twitter Web App
justlarryzhang	narnolddd	1466683631569715205	replied_to	2021-12-03 08:20:02+00:00	1	3	9	0	Twitter Web App
justlarryzhang	ingo_S	1466683631569715205	replied_to	2021-12-03 08:20:02+00:00	1	3	9	0	Twitter Web App
unchitta_kan	aliceschwarze	1466681165671194624	replied_to	2021-12-03 08:10:14+00:00	0	2	12	0	Twitter Web App
ZDZTweets	aliceschwarze	1466643261167071232	quoted	2021-12-03 05:39:37+00:00	0	0	1	0	Twitter for iPhone
ZDZTweets	BenFMaier	1466643261167071232	quoted	2021-12-03 05:39:37+00:00	0	0	1	0	Twitter for iPhone
Ozera1	aliceschwarze	1466597702959972355	quoted	2021-12-03 02:38:35+00:00	0	0	6	0	Twitter for Android
Dolfinnk	aliceschwarze	1466597144924606465	replied_to	2021-12-03 02:36:22+00:00	0	0	1	0	Twitter Web App
KameronDHarris	aliceschwarze	1466413443662204936	replied_to	2021-12-02 14:26:24+00:00	0	1	1	0	Twitter for iPhone
w_khudabukhsh	aliceschwarze	1466306693126447106	replied_to	2021-12-02 07:22:12+00:00	0	0	1	0	Twitter for Android
DanielCooney1	aliceschwarze	1466267415730397184	replied_to	2021-12-02 04:46:08+00:00	0	0	1	0	Twitter for iPhone
theosysbio	aliceschwarze	1466234770925490179	replied_to	2021-12-02 02:36:25+00:00	0	0	1	0	Twitter Web App
Dirivian	aliceschwarze	1466212571002904576	replied_to	2021-12-02 01:08:12+00:00	0	0	0	0	Twitter Web App
nmadhurima	aliceschwarze	1466211100395905024	replied_to	2021-12-02 01:02:21+00:00	0	0	1	0	Twitter Web App
HirokiSayama	aliceschwarze	1466184002906304518	replied_to	2021-12-01 23:14:41+00:00	0	1	1	0	Twitter Web App
Nietzchrodinger	aliceschwarze	1466183125025841155	replied_to	2021-12-01 23:11:12+00:00	0	1	1	0	Twitter Web App
SalehCU	aliceschwarze	1466170583469727751	replied_to	2021-12-01 22:21:21+00:00	0	1	1	0	Twitter Web App
richardclegg	aliceschwarze	1466166824387563523	replied_to	2021-12-01 22:06:25+00:00	0	1	1	0	Twitter Web App
richardclegg	aliceschwarze	1466166824387563523	replied_to	2021-12-01 22:06:25+00:00	0	1	1	0	Twitter Web App
elizabethmunch	aliceschwarze	1466166515926028293	replied_to	2021-12-01 22:05:12+00:00	0	1	1	0	Twitter Web App
FarsaneTV	aliceschwarze	1466165622111301632	replied_to	2021-12-01 22:01:39+00:00	0	1	1	0	Twitter for iPhone
HakimAbdi	aliceschwarze	1466164632318472196	replied_to	2021-12-01 21:57:43+00:00	0	1	1	0	Twitter for iPhone
zpneal	aliceschwarze	1466162190650597387	replied_to	2021-12-01 21:48:00+00:00	0	1	1	0	Twitter Web App
mszll	aliceschwarze	1466152115752120333	replied_to	2021-12-01 21:07:58+00:00	0	1	1	0	Twitter for iPhone
lyndie_chiou	aliceschwarze	1466151385251078146	replied_to	2021-12-01 21:05:04+00:00	0	0	2	0	Twitter Web App
lyndie_chiou	css_usne	1466151385251078146	replied_to	2021-12-01 21:05:04+00:00	0	0	2	0	Twitter Web App
SZapperi	aliceschwarze	1466144028584407044	replied_to	2021-12-01 20:35:50+00:00	0	1	1	0	Twitter Web App
hackerfriendly	aliceschwarze	1466143320749522956	replied_to	2021-12-01 20:33:01+00:00	0	1	2	0	Twitter for Android
VinkoZlatic	aliceschwarze	1466141107541069827	replied_to	2021-12-01 20:24:14+00:00	0	0	1	0	Twitter Web App
manlius84	aliceschwarze	1466069584432140290	replied_to	2021-12-01 15:40:01+00:00	0	0	1	0	Twitter Web App
dan_marinazzo	aliceschwarze	1465825986084282368	replied_to	2021-11-30 23:32:03+00:00	0	0	1	0	Twitter Web App
sees_lab	HakimAbdi	1465790969975083010	replied_to	2021-11-30 21:12:54+00:00	0	0	1	0	Twitter for Android
sees_lab	zpneal	1465790969975083010	replied_to	2021-11-30 21:12:54+00:00	0	0	1	0	Twitter for Android
sees_lab	mszll	1465790969975083010	replied_to	2021-11-30 21:12:54+00:00	0	0	1	0	Twitter for Android
sees_lab	aliceschwarze	1465790969975083010	replied_to	2021-11-30 21:12:54+00:00	0	0	1	0	Twitter for Android
thilogross	aliceschwarze	1465785807927758858	replied_to	2021-11-30 20:52:24+00:00	0	0	2	0	Twitter for Android
StefanoBerto83	zpneal	1465759899321835526	replied_to	2021-11-30 19:09:27+00:00	0	1	2	0	Twitter Web App
StefanoBerto83	mszll	1465759899321835526	replied_to	2021-11-30 19:09:27+00:00	0	1	2	0	Twitter Web App
StefanoBerto83	aliceschwarze	1465759899321835526	replied_to	2021-11-30 19:09:27+00:00	0	1	2	0	Twitter Web App
FroehlichMarcel	mszll	1465759552746496006	replied_to	2021-11-30 19:08:04+00:00	0	1	2	0	Twitter Web App
FroehlichMarcel	aliceschwarze	1465759552746496006	replied_to	2021-11-30 19:08:04+00:00	0	1	2	0	Twitter Web App
FroehlichMarcel	mszll	1465759552746496006	replied_to	2021-11-30 19:08:04+00:00	0	1	2	0	Twitter Web App
moitrish_m	aliceschwarze	1465758727626182661	replied_to	2021-11-30 19:04:47+00:00	0	1	4	0	Twitter for Android
LocosMommy	aliceschwarze	1465757984093519880	replied_to	2021-11-30 19:01:50+00:00	0	0	2	0	Twitter Web App
katypearce	aliceschwarze	1465755348392886273	replied_to	2021-11-30 18:51:22+00:00	0	0	2	0	Twitter for Android
dinacmistry	manlius84	1465748320731734021	replied_to	2021-11-30 18:23:26+00:00	0	0	1	0	Twitter for Android
dinacmistry	tiagopeixoto	1465748320731734021	replied_to	2021-11-30 18:23:26+00:00	0	0	1	0	Twitter for Android
dinacmistry	sees_lab	1465748320731734021	replied_to	2021-11-30 18:23:26+00:00	0	0	1	0	Twitter for Android
dinacmistry	thilogross	1465748320731734021	replied_to	2021-11-30 18:23:26+00:00	0	0	1	0	Twitter for Android
dinacmistry	SamirSuweis	1465748320731734021	replied_to	2021-11-30 18:23:26+00:00	0	0	1	0	Twitter for Android
dinacmistry	drmichaellevin	1465748320731734021	replied_to	2021-11-30 18:23:26+00:00	0	0	1	0	Twitter for Android
dinacmistry	theosysbio	1465748320731734021	replied_to	2021-11-30 18:23:26+00:00	0	0	1	0	Twitter for Android
dinacmistry	jacrickets	1465748320731734021	replied_to	2021-11-30 18:23:26+00:00	0	0	1	0	Twitter for Android
dinacmistry	ftmaestre	1465748320731734021	replied_to	2021-11-30 18:23:26+00:00	0	0	1	0	Twitter for Android
dinacmistry	cxdig	1465748320731734021	replied_to	2021-11-30 18:23:26+00:00	0	0	1	0	Twitter for Android
dinacmistry	GuidoCaldarelli	1465748320731734021	replied_to	2021-11-30 18:23:26+00:00	0	0	1	0	Twitter for Android
dinacmistry	fede7j	1465748320731734021	replied_to	2021-11-30 18:23:26+00:00	0	0	1	0	Twitter for Android
dinacmistry	lordgrilo	1465748320731734021	replied_to	2021-11-30 18:23:26+00:00	0	0	1	0	Twitter for Android
dinacmistry	StefanoBerto83	1465748320731734021	replied_to	2021-11-30 18:23:26+00:00	0	0	1	0	Twitter for Android
dinacmistry	aliceschwarze	1465748320731734021	replied_to	2021-11-30 18:23:26+00:00	0	0	1	0	Twitter for Android
dinacmistry	VeraPancaldi	1465748320731734021	replied_to	2021-11-30 18:23:26+00:00	0	0	1	0	Twitter for Android
FarsaneTV	aliceschwarze	1461216355798208512	replied_to	2021-11-18 06:15:01+00:00	0	1	2	0	Twitter for Android
DynamicsSIAM	aliceschwarze	1461213530242179073	replied_to	2021-11-18 06:03:48+00:00	0	0	7	0	Twitter Web App
a_baronca	aliceschwarze	1460945134900629508	replied_to	2021-11-17 12:17:17+00:00	0	0	0	0	Twitter Web App
HassanIrannia	aaronclauset	1459040391735435300	replied_to	2021-11-12 06:08:31+00:00	0	0	0	0	Twitter for iPhone
HassanIrannia	_jgyou	1459040391735435300	replied_to	2021-11-12 06:08:31+00:00	0	0	0	0	Twitter for iPhone
HassanIrannia	aliceschwarze	1459040391735435300	replied_to	2021-11-12 06:08:31+00:00	0	0	0	0	Twitter for iPhone
sjnwoh	mikk_c	1458991699661893633	replied_to	2021-11-12 02:55:02+00:00	0	0	1	0	Twitter Web App
sjnwoh	aliceschwarze	1458991699661893633	replied_to	2021-11-12 02:55:02+00:00	0	0	1	0	Twitter Web App
valdanchev	aliceschwarze	1458904966287003650	replied_to	2021-11-11 21:10:23+00:00	2	0	5	0	Twitter Web App
neuralengine	aliceschwarze	1458814520181329922	replied_to	2021-11-11 15:10:59+00:00	0	0	1	0	Twitter for iPhone
